yj_page,tone,yj_row,ny,l,y,gg,x,q,z,s,dz,tsh,ts,ng,g,kh,k,n,d,th,t,m,b,ph,p
1,1,1,〇,籠,〇,洪,烘,翁,〇,檧,叢,怱,葼,㟅,〇,空,公,〇,同,通,東,蒙,蓬,〇,〇
1,1,2,〇,〇,〇,〇,〇,〇,〇,〇,崇,〇,〇,〇,〇,〇,〇,〇,〇,〇,〇,〇,〇,〇,〇
1,1,3,戎,隆,雄,〇,〇,〇,〇,〇,〇,充,終,〇,窮,穹,弓,〇,蟲,忡,中,瞢,馮,豐,風
1,1,4,〇,〇,融,〇,〇,〇,〇,嵩,〇,〇,〇,〇,〇,〇,〇,〇,〇,〇,〇,〇,〇,〇,〇
1,2,1,〇,曨,〇,澒,嗊,蓊,〇,㪌,〇,〇,緫,〇,〇,孔,〇,𨑊,動,侗,董,蠓,菶,〇,琫
1,2,2,〇,〇,〇,〇,〇,〇,〇,〇,〇,〇,〇,〇,〇,〇,〇,〇,〇,〇,〇,〇,〇,〇,〇
1,2,3,〇,〇,〇,〇,〇,〇,〇,〇,〇,〇,〇,〇,〇,〇,〇,〇,〇,〇,〇,〇,〇,〇,〇
1,2,4,〇,〇,〇,〇,〇,〇,〇,〇,〇,〇,〇,〇,〇,〇,〇,〇,〇,〇,〇,〇,〇,〇,〇
1,3,1,〇,弄,〇,哄,烘,瓮,〇,送,𣀒,𧩪,糉,〇,〇,控,貢,齈,洞,痛,涷,𢄐,〇,〇,〇
1,3,2,〇,〇,〇,〇,〇,〇,〇,〇,㓽,〇,〇,〇,〇,〇,〇,〇,〇,〇,〇,〇,〇,〇,〇
1,3,3,〇,〇,〇,〇,𧽒,〇,〇,〇,〇,銃,衆,〇,〇,焪,〇,〇,仲,〇,中,㝱,鳳,賵,諷
1,3,4,〇,〇,〇,〇,〇,〇,〇,〇,〇,趥,〇,〇,〇,〇,〇,〇,〇,〇,〇,〇,〇,〇,〇
1,4,1,〇,禄,〇,縠,嗀,屋,〇,速,族,瘯,鏃,〇,〇,哭,穀,〇,獨,秃,𣫔,木,暴,扑,卜
1,4,2,〇,〇,〇,〇,〇,〇,〇,縮,〇,珿,縬,〇,〇,〇,〇,肭,〇,〇,〇,〇,〇,〇,〇
1,4,3,肉,六,囿,〇,蓄,郁,〇,叔,熟,俶,粥,砡,驧,麴,菊,〇,逐,蓄,竹,目,伏,蝮,福
1,4,4,〇,〇,育,〇,〇,〇,〇,肅,𣤶,鼀,蹙,〇,〇,〇,〇,〇,〇,〇,〇,〇,〇,〇,〇
2,1,1,〇,䃧,〇,䃔,〇,〇,〇,鬆,賨,〇,宗,〇,〇,〇,攻,農,彤,炵,冬,〇,〇,〇,〇
2,1,2,〇,〇,〇,〇,〇,〇,〇,〇,〇,〇,〇,〇,〇,〇,〇,醲,〇,〇,〇,〇,〇,〇,〇
2,1,3,茸,龍,〇,〇,胷,邕,〇,舂,鱅,𧘂,鍾,顒,蛩,銎,恭,〇,重,蹱,〇,〇,逢,峯,封
2,1,4,〇,〇,容,〇,〇,〇,松,蜙,從,樅,縱,〇,〇,〇,〇,〇,〇,〇,〇,〇,〇,〇,〇
2,2,1,〇,〇,〇,〇,〇,〇,〇,〇,〇,〇,〇,〇,〇,〇,〇,〇,〇,〇,湩,𪁪,〇,〇,〇
2,2,2,〇,〇,〇,〇,〇,〇,〇,〇,〇,〇,〇,〇,〇,〇,〇,〇,〇,〇,〇,〇,〇,〇,〇
2,2,3,宂,隴,〇,〇,洶,擁,〇,〇,尰,𨿿,腫𢃭,〇,䅃,恐,拱,〇,重,寵,冢,〇,奉,捧,覂
2,2,4,〇,〇,勇,〇,〇,〇,〇,悚,〇,〇,䙕,〇,〇,〇,〇,〇,〇,〇,〇,〇,〇,〇,〇
2,3,1,〇,〇,〇,䃔,〇,〇,〇,宋,〇,〇,綜,〇,〇,〇,〇,〇,〇,統,〇,雺,〇,〇,〇
2,3,2,〇,〇,〇,〇,〇,〇,〇,〇,〇,〇,〇,〇,〇,〇,〇,𢫨,〇,〇,〇,〇,〇,〇,〇
2,3,3,䩸,贚,〇,〇,〇,雍,〇,〇,〇,〇,種,〇,共,恐,供,〇,重,蹱,湩,〇,俸,〇,葑
2,3,4,〇,〇,用,〇,〇,〇,頌,〇,從,〇,縱,〇,〇,〇,〇,〇,〇,〇,〇,〇,〇,〇,〇
2,4,1,〇,濼,〇,鵠,熇,沃,〇,洬,〇,〇,傶,𤛹,〇,酷,梏,褥,毒,〇,篤,瑁,僕,〇,襮
2,4,2,〇,〇,〇,〇,〇,〇,〇,〇,〇,〇,〇,〇,〇,〇,〇,〇,〇,〇,〇,〇,〇,〇,〇
2,4,3,辱,録,〇,〇,旭,〇,贖,束,蜀,觸,燭,玉,局,曲,輂,〇,躅,梀,瘃,〇,幞,〇,䪁
2,4,4,〇,〇,欲,〇,〇,〇,續,粟,〇,促,足,〇,〇,〇,〇,〇,〇,〇,〇,〇,〇,〇,〇
3,1,1,〇,〇,〇,〇,〇,〇,〇,〇,〇,〇,〇,〇,〇,〇,〇,〇,〇,〇,〇,〇,〇,〇,〇
3,1,2,〇,瀧,〇,栙,肛,胦,〇,雙,淙,囪,〇,㟅,〇,腔,江,𦗳,幢,憃,樁,厖,龐,胮,邦
3,1,3,〇,〇,〇,〇,〇,〇,〇,〇,〇,〇,〇,〇,〇,〇,〇,〇,〇,〇,〇,〇,〇,〇,〇
3,1,4,〇,〇,〇,〇,〇,〇,〇,〇,〇,〇,〇,〇,〇,〇,〇,〇,〇,〇,〇,〇,〇,〇,〇
3,2,1,〇,〇,〇,〇,〇,〇,〇,〇,〇,〇,〇,〇,〇,〇,〇,〇,〇,〇,〇,〇,〇,〇,〇
3,2,2,〇,〇,〇,項,傋,慃,〇,〇,〇,〇,〇,〇,〇,〇,講,攮,〇,〇,〇,𠈵,㭋,〇,𦂌
3,2,3,〇,〇,〇,〇,〇,〇,〇,〇,〇,〇,〇,〇,〇,〇,〇,〇,〇,〇,〇,〇,〇,〇,〇
3,2,4,〇,〇,〇,〇,〇,〇,〇,〇,〇,〇,〇,〇,〇,〇,〇,〇,〇,〇,〇,〇,〇,〇,〇
3,3,1,〇,〇,〇,〇,〇,〇,〇,〇,〇,〇,〇,〇,〇,〇,〇,〇,〇,〇,〇,〇,〇,〇,〇
3,3,2,〇,〇,〇,巷,〇,〇,〇,淙,漴,䎫,〇,〇,〇,〇,絳,〇,䡴,𥈄,戇,〇,〇,肨,〇
3,3,3,〇,〇,〇,〇,〇,〇,〇,〇,〇,〇,〇,〇,〇,〇,〇,〇,〇,〇,〇,〇,〇,〇,〇
3,3,4,〇,〇,〇,〇,〇,〇,〇,〇,〇,〇,〇,〇,〇,〇,〇,〇,〇,〇,〇,〇,〇,〇,〇
3,4,1,〇,〇,〇,〇,〇,〇,〇,〇,〇,〇,〇,〇,〇,〇,〇,〇,〇,〇,〇,〇,〇,〇,〇
3,4,2,〇,犖,〇,學,㕰,渥,〇,朔,浞,娖,捉,嶽,〇,㱿,覺,搦,濁,逴,斲,邈,雹,璞,剥
3,4,3,〇,〇,〇,〇,〇,〇,〇,〇,〇,〇,〇,〇,〇,〇,〇,〇,〇,〇,〇,〇,〇,〇,〇
3,4,4,〇,〇,〇,〇,〇,〇,〇,〇,〇,〇,〇,〇,〇,〇,〇,〇,〇,〇,〇,〇,〇,〇,〇
4,1,1,〇,〇,〇,〇,〇,〇,〇,〇,〇,〇,〇,〇,〇,〇,〇,〇,〇,〇,〇,〇,〇,〇,〇
4,1,2,〇,〇,〇,〇,〇,〇,〇,釃,齹,差,齜,〇,〇,〇,〇,〇,〇,〇,〇,〇,〇,〇,〇
4,1,3,兒,離,〇,〇,犧,漪,〇,䌳,提,眵,支,宜,竒,㩻,羈,〇,馳,摛,知,糜,皮,鈹,陂
4,1,4,〇,〇,移,〇,詑,〇,〇,斯,疵,雌,貲厜,〇,祇,〇,〇,〇,〇,〇,〇,彌,陴,𤿎,卑
4,2,1,〇,〇,〇,〇,〇,〇,〇,〇,〇,〇,〇,〇,〇,〇,〇,〇,〇,〇,〇,〇,〇,〇,〇
4,2,2,〇,〇,〇,〇,〇,〇,〇,躧,〇,〇,㧗,〇,〇,〇,〇,狔,〇,〇,〇,〇,〇,〇,〇
4,2,3,爾,邐,〇,〇,𪖪,倚,舓,弛,是,侈,紙,螘,技,綺企,掎,〇,豸,褫,㨖,靡,被,㱟,彼𢔌
4,2,4,〇,〇,酏,〇,〇,〇,〇,徙,〇,此,紫,〇,〇,〇,枳,〇,〇,〇,〇,渳,婢,諀,〇
4,3,1,〇,〇,〇,〇,〇,〇,〇,〇,〇,〇,〇,〇,〇,〇,〇,〇,〇,〇,〇,〇,〇,〇,〇
4,3,2,〇,〇,〇,〇,〇,〇,〇,屣,〇,〇,𧙁,〇,〇,〇,〇,〇,〇,〇,〇,〇,〇,〇,〇
4,3,3,〇,詈,〇,〇,戲,倚,〇,翅,豉,卶,寘,議,芰,㞆,寄,〇,〇,〇,智,〇,髲,帔,賁
4,3,4,〇,〇,易,〇,〇,縊,〇,賜,漬,刺,積,〇,〇,企,馶,〇,〇,〇,〇,〇,避,譬,臂
4,4,1,〇,〇,〇,〇,〇,〇,〇,〇,〇,〇,〇,〇,〇,〇,〇,〇,〇,〇,〇,〇,〇,〇,〇
4,4,2,〇,〇,〇,〇,〇,〇,〇,〇,〇,〇,〇,〇,〇,〇,〇,〇,〇,〇,〇,〇,〇,〇,〇
4,4,3,〇,〇,〇,〇,〇,〇,〇,〇,〇,〇,〇,〇,〇,〇,〇,〇,〇,〇,〇,〇,〇,〇,〇
4,4,4,〇,〇,〇,〇,〇,〇,〇,〇,〇,〇,〇,〇,〇,〇,〇,〇,〇,〇,〇,〇,〇,〇,〇
5,1,1,〇,〇,〇,〇,〇,〇,〇,〇,〇,〇,〇,〇,〇,〇,〇,〇,〇,〇,〇,〇,〇,〇,〇
5,1,2,〇,〇,〇,〇,〇,〇,〇,䪎,〇,衰,〇,〇,〇,〇,〇,〇,〇,〇,〇,〇,〇,〇,〇
5,1,3,痿,羸,爲,〇,𪎮,逶,〇,〇,𡍮,吹,〇,危,〇,虧,嬀,〇,鬌,〇,腄,〇,〇,〇,〇
5,1,4,〇,〇,䔺,〇,隓,〇,隨,眭,〇,〇,劑䮔,〇,〇,闚,𩓸,〇,〇,〇,〇,〇,〇,〇,〇
5,2,1,〇,〇,〇,〇,〇,〇,〇,〇,〇,〇,〇,〇,〇,〇,〇,〇,〇,〇,〇,〇,〇,〇,〇
5,2,2,〇,〇,〇,〇,〇,〇,〇,〇,〇,揣,〇,〇,〇,〇,〇,〇,〇,〇,〇,〇,〇,〇,〇
5,2,3,蘂,絫,蔿,〇,毀,委,〇,〇,菙,〇,捶,硊,跪,跪跬,詭,〇,〇,〇,〇,〇,〇,〇,〇
5,2,4,〇,〇,䓈,〇,〇,〇,𤢍,髓,惢,〇,觜,〇,〇,〇,〇,〇,〇,〇,〇,〇,〇,〇,〇
5,3,1,〇,〇,〇,〇,〇,〇,〇,〇,〇,〇,〇,〇,〇,〇,〇,〇,〇,〇,〇,〇,〇,〇,〇
5,3,2,〇,〇,〇,〇,〇,〇,〇,〇,〇,〇,〇,〇,〇,〇,〇,諉,〇,〇,〇,〇,〇,〇,〇
5,3,3,䄲,累,爲,〇,毁,餧,〇,〇,睡,吹,惴,僞,〇,〇,䞈,〇,縋,〇,娷,〇,〇,〇,〇
5,3,4,〇,〇,瓗,〇,孈,恚,〇,䅗,〇,〇,〇,〇,〇,觖,瞡,〇,〇,〇,〇,〇,〇,〇,〇
5,4,1,〇,〇,〇,〇,〇,〇,〇,〇,〇,〇,〇,〇,〇,〇,〇,〇,〇,〇,〇,〇,〇,〇,〇
5,4,2,〇,〇,〇,〇,〇,〇,〇,〇,〇,〇,〇,〇,〇,〇,〇,〇,〇,〇,〇,〇,〇,〇,〇
5,4,3,〇,〇,〇,〇,〇,〇,〇,〇,〇,〇,〇,〇,〇,〇,〇,〇,〇,〇,〇,〇,〇,〇,〇
5,4,4,〇,〇,〇,〇,〇,〇,〇,〇,〇,〇,〇,〇,〇,〇,〇,〇,〇,〇,〇,〇,〇,〇,〇
6,1,1,〇,〇,〇,〇,〇,〇,〇,〇,〇,〇,〇,〇,〇,〇,〇,〇,〇,〇,〇,〇,〇,〇,〇
6,1,2,〇,〇,〇,〇,〇,〇,〇,師,〇,〇,〇,〇,〇,〇,〇,尼,〇,〇,〇,〇,〇,〇,〇
6,1,3,〇,棃,〇,〇,〇,〇,〇,尸,〇,鴟,脂,〇,〇,〇,〇,〇,墀,絺,胝,眉,邳,丕,悲
6,1,4,〇,〇,姨,〇,咦,伊,〇,私,茨,郪,咨,狋,鬐,〇,飢,〇,〇,〇,〇,〇,𣬈,紕,〇
6,2,1,〇,〇,〇,〇,〇,〇,〇,〇,〇,〇,〇,〇,〇,〇,〇,〇,〇,〇,〇,〇,〇,〇,〇
6,2,2,〇,〇,〇,〇,〇,〇,〇,〇,〇,〇,〇,〇,〇,〇,〇,柅,〇,〇,〇,〇,〇,〇,〇
6,2,3,〇,履,〇,〇,〇,〇,〇,矢,視,〇,旨𧿲,〇,〇,〇,〇,〇,雉,𡳭,黹,美,否,嚭,鄙
6,2,4,〇,〇,〇,〇,〇,㰻,兕,死,〇,〇,𡛷,〇,跽,〇,几,〇,〇,〇,〇,〇,牝,〇,匕
6,3,1,〇,〇,〇,〇,〇,〇,〇,〇,〇,〇,〇,〇,〇,〇,〇,〇,〇,〇,〇,〇,〇,〇,〇
6,3,2,〇,〇,〇,〇,〇,〇,〇,〇,〇,〇,〇,〇,〇,〇,〇,膩,〇,〇,〇,〇,〇,〇,〇
6,3,3,二,利,〇,〇,齂,懿,示,屍,嗜,痓,至,劓,臮,器,冀,〇,緻地,杘,致,郿,備,濞,祕
6,3,4,〇,〇,肄,〇,〇,〇,〇,四,自,次,恣,〇,〇,棄,〇,〇,〇,〇,〇,寐,鼻,屁,痹
6,4,1,〇,〇,〇,〇,〇,〇,〇,〇,〇,〇,〇,〇,〇,〇,〇,〇,〇,〇,〇,〇,〇,〇,〇
6,4,2,〇,〇,〇,〇,〇,〇,〇,〇,〇,〇,〇,〇,〇,〇,〇,〇,〇,〇,〇,〇,〇,〇,〇
6,4,3,〇,〇,〇,〇,〇,〇,〇,〇,〇,〇,〇,〇,〇,〇,〇,〇,〇,〇,〇,〇,〇,〇,〇
6,4,4,〇,〇,〇,〇,〇,〇,〇,〇,〇,〇,〇,〇,〇,〇,〇,〇,〇,〇,〇,〇,〇,〇,〇
7,1,1,〇,〇,〇,〇,〇,〇,〇,〇,〇,〇,〇,〇,〇,〇,〇,〇,〇,〇,〇,〇,〇,〇,〇
7,1,2,〇,〇,〇,〇,〇,〇,〇,衰,〇,推,〇,〇,〇,〇,〇,〇,〇,〇,〇,〇,〇,〇,〇
7,1,3,蕤,㶟,帷,〇,〇,〇,〇,〇,誰,〇,錐,〇,逵,巋,龜,〇,鎚,〇,追,〇,〇,〇,〇
7,1,4,〇,〇,惟,〇,倠,〇,〇,綏,〇,〇,嶉,〇,葵,〇,〇,〇,〇,〇,〇,〇,〇,〇,〇
7,2,1,〇,〇,〇,〇,〇,〇,〇,〇,〇,〇,〇,〇,〇,〇,〇,〇,〇,〇,〇,〇,〇,〇,〇
7,2,2,〇,〇,〇,〇,〇,〇,〇,〇,〇,〇,〇,〇,〇,〇,〇,〇,〇,〇,〇,〇,〇,〇,〇
7,2,3,蕊,壘,洧,〇,〇,〇,〇,水,〇,〇,〇,〇,䣀,巋,軌,〇,〇,〇,〇,〇,〇,〇,〇
7,2,4,〇,〇,唯,〇,䁤,〇,〇,〇,㠑,趡,濢,〇,揆,〇,癸,〇,〇,〇,〇,〇,〇,〇,〇
7,3,1,〇,〇,〇,〇,〇,〇,〇,〇,〇,〇,〇,〇,〇,〇,〇,〇,〇,〇,〇,〇,〇,〇,〇
7,3,2,〇,〇,〇,〇,〇,〇,〇,帥,〇,㿷,〇,〇,〇,〇,〇,〇,〇,〇,〇,〇,〇,〇,〇
7,3,3,〇,類,位,〇,豷,〇,〇,㽷,〇,出,〇,〇,匱,喟,媿,〇,墜,〇,轛,〇,〇,〇,〇
7,3,4,〇,〇,遺,〇,䁤侐,〇,遂,邃,萃,翠,醉,〇,悸,〇,季,〇,〇,〇,〇,〇,〇,〇,〇
7,4,1,〇,〇,〇,〇,〇,〇,〇,〇,〇,〇,〇,〇,〇,〇,〇,〇,〇,〇,〇,〇,〇,〇,〇
7,4,2,〇,〇,〇,〇,〇,〇,〇,〇,〇,〇,〇,〇,〇,〇,〇,〇,〇,〇,〇,〇,〇,〇,〇
7,4,3,〇,〇,〇,〇,〇,〇,〇,〇,〇,〇,〇,〇,〇,〇,〇,〇,〇,〇,〇,〇,〇,〇,〇
7,4,4,〇,〇,〇,〇,〇,〇,〇,〇,〇,〇,〇,〇,〇,〇,〇,〇,〇,〇,〇,〇,〇,〇,〇
8,1,1,〇,〇,〇,〇,〇,〇,〇,〇,〇,〇,〇,〇,〇,〇,〇,〇,〇,〇,〇,〇,〇,〇,〇
8,1,2,〇,〇,〇,〇,〇,〇,漦,〇,茬,輜,葘,〇,〇,〇,〇,〇,〇,〇,〇,〇,〇,〇,〇
8,1,3,而,釐,〇,〇,僖,醫,〇,詩䀵,時,蚩,之,疑,其,欺抾,姬,〇,治,癡,〇,〇,〇,〇,〇
8,1,4,〇,〇,飴,〇,〇,〇,詞,思,慈,〇,兹,〇,〇,〇,〇,〇,〇,〇,〇,〇,〇,〇,〇
8,2,1,〇,〇,〇,〇,〇,〇,〇,〇,〇,〇,〇,〇,〇,〇,〇,〇,〇,〇,〇,〇,〇,〇,〇
8,2,2,〇,〇,〇,〇,〇,〇,俟,史,士,𠟴,滓,〇,〇,〇,〇,伱,〇,〇,〇,〇,〇,〇,〇
8,2,3,耳,里,矣,〇,喜,譩,〇,始,市,齒,止,擬,〇,起,紀,〇,歭,恥,徵,〇,〇,〇,〇
8,2,4,〇,〇,以,〇,〇,〇,似,枲,〇,〇,子,〇,〇,〇,〇,〇,〇,〇,〇,〇,〇,〇,〇
8,3,1,〇,〇,〇,〇,〇,〇,〇,〇,〇,〇,〇,〇,〇,〇,〇,〇,〇,〇,〇,〇,〇,〇,〇
8,3,2,〇,〇,〇,〇,〇,〇,〇,𩢲,事,廁,胾,〇,〇,〇,〇,〇,〇,〇,〇,〇,〇,〇,〇
8,3,3,餌,吏,〇,〇,憙,意,〇,試,侍,熾,志,䰯,忌,亟,記,〇,值,眙,置,〇,〇,〇,〇
8,3,4,〇,〇,異,〇,〇,〇,寺,笥,字,蛓,〇,〇,〇,〇,〇,〇,〇,〇,〇,〇,〇,〇,〇
8,4,1,〇,〇,〇,〇,〇,〇,〇,〇,〇,〇,〇,〇,〇,〇,〇,〇,〇,〇,〇,〇,〇,〇,〇
8,4,2,〇,〇,〇,〇,〇,〇,〇,〇,〇,〇,〇,〇,〇,〇,〇,〇,〇,〇,〇,〇,〇,〇,〇
8,4,3,〇,〇,〇,〇,〇,〇,〇,〇,〇,〇,〇,〇,〇,〇,〇,〇,〇,〇,〇,〇,〇,〇,〇
8,4,4,〇,〇,〇,〇,〇,〇,〇,〇,〇,〇,〇,〇,〇,〇,〇,〇,〇,〇,〇,〇,〇,〇,〇
9,1,1,〇,〇,〇,〇,〇,〇,〇,〇,〇,〇,〇,〇,〇,〇,〇,〇,〇,〇,〇,〇,〇,〇,〇
9,1,2,〇,〇,〇,〇,〇,〇,〇,〇,〇,〇,〇,〇,〇,〇,〇,〇,〇,〇,〇,〇,〇,〇,〇
9,1,3,〇,〇,〇,〇,希,依,〇,〇,〇,〇,〇,沂,祈,〇,機,〇,〇,〇,〇,〇,〇,〇,〇
9,1,4,〇,〇,〇,〇,〇,〇,〇,〇,〇,〇,〇,〇,〇,〇,〇,〇,〇,〇,〇,〇,〇,〇,〇
9,2,1,〇,〇,〇,〇,〇,〇,〇,〇,〇,〇,〇,〇,〇,〇,〇,〇,〇,〇,〇,〇,〇,〇,〇
9,2,2,〇,〇,〇,〇,〇,〇,〇,〇,〇,〇,〇,〇,〇,〇,〇,〇,〇,〇,〇,〇,〇,〇,〇
9,2,3,〇,〇,〇,〇,豨,扆,〇,〇,〇,〇,〇,顗,〇,豈,蟣,〇,〇,〇,〇,〇,〇,〇,〇
9,2,4,〇,〇,〇,〇,〇,〇,〇,〇,〇,〇,〇,〇,〇,〇,〇,〇,〇,〇,〇,〇,〇,〇,〇
9,3,1,〇,〇,〇,〇,〇,〇,〇,〇,〇,〇,〇,〇,〇,〇,〇,〇,〇,〇,〇,〇,〇,〇,〇
9,3,2,〇,〇,〇,〇,〇,〇,〇,〇,〇,〇,〇,〇,〇,〇,〇,〇,〇,〇,〇,〇,〇,〇,〇
9,3,3,〇,〇,〇,〇,欷,衣,〇,〇,〇,〇,〇,毅刈,䤒,氣,旣,〇,〇,〇,〇,〇,〇,〇,〇
9,3,4,〇,〇,〇,〇,〇,〇,〇,〇,〇,〇,〇,〇,〇,〇,〇,〇,〇,〇,〇,〇,〇,〇,〇
9,4,1,〇,〇,〇,〇,〇,〇,〇,〇,〇,〇,〇,〇,〇,〇,〇,〇,〇,〇,〇,〇,〇,〇,〇
9,4,2,〇,〇,〇,〇,〇,〇,〇,〇,〇,〇,〇,〇,〇,〇,〇,〇,〇,〇,〇,〇,〇,〇,〇
9,4,3,〇,〇,〇,〇,〇,〇,〇,〇,〇,〇,〇,〇,〇,〇,〇,〇,〇,〇,〇,〇,〇,〇,〇
9,4,4,〇,〇,〇,〇,〇,〇,〇,〇,〇,〇,〇,〇,〇,〇,〇,〇,〇,〇,〇,〇,〇,〇,〇
10,1,1,〇,〇,〇,〇,〇,〇,〇,〇,〇,〇,〇,〇,〇,〇,〇,〇,〇,〇,〇,〇,〇,〇,〇
10,1,2,〇,〇,〇,〇,〇,〇,〇,〇,〇,〇,〇,〇,〇,〇,〇,〇,〇,〇,〇,〇,〇,〇,〇
10,1,3,〇,〇,幃,〇,揮,威,〇,〇,〇,〇,〇,巍,〇,蘬,歸,〇,〇,〇,〇,微,肥,霏,猆
10,1,4,〇,〇,〇,〇,〇,〇,〇,〇,〇,〇,〇,〇,〇,〇,〇,〇,〇,〇,〇,〇,〇,〇,〇
10,2,1,〇,〇,〇,〇,〇,〇,〇,〇,〇,〇,〇,〇,〇,〇,〇,〇,〇,〇,〇,〇,〇,〇,〇
10,2,2,〇,〇,〇,〇,〇,〇,〇,〇,〇,〇,〇,〇,〇,〇,〇,〇,〇,〇,〇,〇,〇,〇,〇
10,2,3,〇,〇,韙,〇,虺,磈,〇,〇,〇,〇,〇,〇,〇,〇,鬼,〇,〇,〇,〇,尾,膹,斐,匪
10,2,4,〇,〇,〇,〇,〇,〇,〇,〇,〇,〇,〇,〇,〇,〇,〇,〇,〇,〇,〇,〇,〇,〇,〇
10,3,1,〇,〇,〇,〇,〇,〇,〇,〇,〇,〇,〇,〇,〇,〇,〇,〇,〇,〇,〇,〇,〇,〇,〇
10,3,2,〇,〇,〇,〇,〇,〇,〇,〇,〇,〇,〇,〇,〇,〇,〇,〇,〇,〇,〇,〇,〇,〇,〇
10,3,3,〇,〇,胃,〇,諱䂕喙,尉穢,〇,〇,〇,〇,〇,魏,𤜂,𥽂𥏙,貴,〇,〇,〇,〇,未,𥝋吠,費肺,沸廢
10,3,4,〇,〇,〇,〇,〇,〇,〇,〇,〇,〇,〇,〇,〇,〇,〇,〇,〇,〇,〇,〇,〇,〇,〇
10,4,1,〇,〇,〇,〇,〇,〇,〇,〇,〇,〇,〇,〇,〇,〇,〇,〇,〇,〇,〇,〇,〇,〇,〇
10,4,2,〇,〇,〇,〇,〇,〇,〇,〇,〇,〇,〇,〇,〇,〇,〇,〇,〇,〇,〇,〇,〇,〇,〇
10,4,3,〇,〇,〇,〇,〇,〇,〇,〇,〇,〇,〇,〇,〇,〇,〇,〇,〇,〇,〇,〇,〇,〇,〇
10,4,4,〇,〇,〇,〇,〇,〇,〇,〇,〇,〇,〇,〇,〇,〇,〇,〇,〇,〇,〇,〇,〇,〇,〇
11,1,1,〇,〇,〇,〇,〇,〇,〇,〇,〇,〇,〇,〇,〇,〇,〇,〇,〇,〇,〇,〇,〇,〇,〇
11,1,2,〇,〇,〇,〇,〇,〇,〇,䟽,鉏,初,菹,〇,〇,〇,〇,袽,〇,〇,〇,〇,〇,〇,〇
11,1,3,如,臚,〇,〇,虚,於,〇,書,蜍,〇,諸,魚,渠,虚,居,〇,除,攄,豬,〇,〇,〇,〇
11,1,4,〇,〇,余,〇,〇,〇,徐,胥,〇,疽,且,〇,〇,〇,〇,〇,〇,〇,〇,〇,〇,〇,〇
11,2,1,〇,〇,〇,〇,〇,〇,〇,〇,〇,〇,〇,〇,〇,〇,〇,〇,〇,〇,〇,〇,〇,〇,〇
11,2,2,〇,〇,〇,〇,〇,〇,〇,所,齟,楚,阻,〇,〇,〇,〇,女,〇,〇,〇,〇,〇,〇,〇
11,2,3,汝,吕,〇,〇,許,𢮁,紓,暑,野,杵,䰞,語,巨,去,舉,〇,佇,楮,貯,〇,〇,〇,〇
11,2,4,〇,〇,與,〇,〇,〇,敘,諝,咀,𤿚,苴,〇,〇,〇,〇,〇,〇,〇,〇,〇,〇,〇,〇
11,3,1,〇,〇,〇,〇,〇,〇,〇,〇,〇,〇,〇,〇,〇,〇,〇,〇,〇,〇,〇,〇,〇,〇,〇
11,3,2,〇,〇,〇,〇,〇,〇,〇,䟽,助,楚,詛,〇,〇,〇,〇,女,〇,〇,〇,〇,〇,〇,〇
11,3,3,洳,慮,〇,〇,噓,飫,〇,恕,署,處,䬡,御,遽,㰦,據,〇,箸,絮,著,〇,〇,〇,〇
11,3,4,〇,〇,豫,〇,〇,〇,𡲁,絮,〇,覰,怚,〇,〇,〇,〇,〇,〇,〇,〇,〇,〇,〇,〇
11,4,1,〇,〇,〇,〇,〇,〇,〇,〇,〇,〇,〇,〇,〇,〇,〇,〇,〇,〇,〇,〇,〇,〇,〇
11,4,2,〇,〇,〇,〇,〇,〇,〇,〇,〇,〇,〇,〇,〇,〇,〇,〇,〇,〇,〇,〇,〇,〇,〇
11,4,3,〇,〇,〇,〇,〇,〇,〇,〇,〇,〇,〇,〇,〇,〇,〇,〇,〇,〇,〇,〇,〇,〇,〇
11,4,4,〇,〇,〇,〇,〇,〇,〇,〇,〇,〇,〇,〇,〇,〇,〇,〇,〇,〇,〇,〇,〇,〇,〇
12,1,1,〇,盧,〇,胡,呼,烏,〇,蘇,徂,麤,租,吾,〇,枯,孤,奴,徒,㻌,都,模,酺,𥠵,逋
12,1,2,〇,〇,〇,〇,〇,〇,〇,毹,䅳,芻,㑳,〇,〇,〇,〇,〇,〇,〇,〇,〇,〇,〇,〇
12,1,3,儒,慺,于,〇,訏,紆,〇,輸,殊,樞,朱,虞,衢,區,拘,〇,廚,貙,株,無,扶,敷,跗
12,1,4,〇,〇,逾,〇,〇,〇,〇,須,〇,趨,諏,〇,〇,〇,〇,〇,〇,〇,〇,〇,〇,〇,〇
12,2,1,〇,魯,〇,戸,虎,隖,〇,〇,粗,蔖,祖,五,〇,苦,古,怒,杜,土,覩,姥,簿,普,補
12,2,2,〇,〇,〇,〇,〇,〇,〇,數,䝒,〇,〇,〇,〇,〇,〇,〇,〇,〇,〇,〇,〇,〇,〇
12,2,3,乳,縷,羽,〇,詡,傴,〇,〇,豎,〇,主,麌,窶,齲,矩,〇,柱,〇,拄,武,父,撫,甫
12,2,4,〇,〇,庾,〇,〇,〇,〇,𦄼,聚,取,〇,〇,〇,〇,〇,〇,〇,〇,〇,〇,〇,〇,〇
12,3,1,〇,路,〇,護,謼,汙,〇,訴,祚,厝,作,誤,〇,絝,顧,笯,渡,菟,妒,暮,捕,怖,布
12,3,2,〇,〇,〇,〇,〇,〇,〇,捒,〇,菆,〇,〇,〇,〇,〇,〇,〇,〇,〇,〇,〇,〇,〇
12,3,3,孺,屢,芋,〇,昫,嫗,〇,戍,樹,〇,注,遇,懼,驅,屨,〇,住,䦌,註,務,附,赴,付
12,3,4,〇,〇,裕,〇,〇,〇,〇,尠,埾,娶,緅,〇,〇,〇,〇,〇,〇,〇,〇,〇,〇,〇,〇
12,4,1,〇,〇,〇,〇,〇,〇,〇,〇,〇,〇,〇,〇,〇,〇,〇,〇,〇,〇,〇,〇,〇,〇,〇
12,4,2,〇,〇,〇,〇,〇,〇,〇,〇,〇,〇,〇,〇,〇,〇,〇,〇,〇,〇,〇,〇,〇,〇,〇
12,4,3,〇,〇,〇,〇,〇,〇,〇,〇,〇,〇,〇,〇,〇,〇,〇,〇,〇,〇,〇,〇,〇,〇,〇
12,4,4,〇,〇,〇,〇,〇,〇,〇,〇,〇,〇,〇,〇,〇,〇,〇,〇,〇,〇,〇,〇,〇,〇,〇
13,1,1,〇,來,〇,孩,咍,哀,〇,鰓,裁,猜㹗,烖,皚,〇,開,該,能,臺,胎,𪒴,〇,𤗏,𡜊,〇
13,1,2,〇,唻,〇,諧,𢓬,𢰇,〇,崽,豺,差,齋,𩂢,〇,揩,皆,摨,〇,搋,𪘨,埋,排,〇,〇
13,1,3,臡,〇,〇,〇,〇,〇,〇,〇,栘,〇,〇,〇,〇,〇,〇,〇,〇,〇,〇,〇,〇,〇,〇
13,1,4,〇,黎,〇,奚,醯,鷖,〇,西,齊,妻,齎,倪,〇,谿,雞,泥,嗁,梯,低,迷,鼙,磇,豍
13,2,1,疓,𨦂,〇,亥,海,欸,〇,〇,在,采,宰,〇,〇,愷,改,乃,駘,㘆,等,䆀,倍,啡俖,〇
13,2,2,〇,〇,〇,駭,〇,挨,〇,〇,〇,〇,〇,騃,〇,楷,〇,〇,〇,〇,〇,〇,〇,〇,〇
13,2,3,〇,〇,〇,〇,〇,〇,〇,〇,〇,茝,〇,〇,〇,〇,〇,〇,〇,〇,〇,〇,〇,〇,〇
13,2,4,〇,禮,佁䑂,〇,徯,𠯋,〇,洗,薺,泚,濟,堄,〇,啓,〇,禰,弟,體,邸,米,陛,䫌,㪏
13,3,1,〇,賚,〇,瀣,儗,愛,〇,賽,載,菜,載,礙,戤,慨,漑,耐,代,貸,戴,䆀,〇,〇,〇
13,3,2,〇,〇,〇,械㕢,譮䜕,噫喝,〇,㡜鎩𠱡,寨,〇,瘵,𦗐,〇,烗,誡犗,褹,𦤧,蠆,〇,䀛邁,𢟡敗,湃,𢷎敗
13,3,3,〇,例,〇,〇,〇,䋵,〇,丗,逝,掣,制,㓷,偈,憩,猘,〇,滯,跇,㿃,〇,〇,〇,〇
13,3,4,〇,麗,曵,蒵,㰥,翳,〇,細,嚌,砌,霽祭,詣藝,〇,契,計,泥,第,替𥱻,帝,謎袂,薜獘,媲潎,閉蔽
13,4,1,〇,〇,〇,〇,〇,〇,〇,〇,〇,〇,〇,〇,〇,〇,〇,〇,〇,〇,〇,〇,〇,〇,〇
13,4,2,〇,〇,〇,〇,〇,〇,〇,〇,〇,〇,〇,〇,〇,〇,〇,〇,〇,〇,〇,〇,〇,〇,〇
13,4,3,〇,〇,〇,〇,〇,〇,〇,〇,〇,〇,〇,〇,〇,〇,〇,〇,〇,〇,〇,〇,〇,〇,〇
13,4,4,〇,〇,〇,〇,〇,〇,〇,〇,〇,〇,〇,〇,〇,〇,〇,〇,〇,〇,〇,〇,〇,〇,〇
14,1,1,〇,雷,〇,回,灰,隈,〇,𤗯,摧,崔,嗺,鮠,〇,恢,傀,𢅼,穨,𨌴,磓,枚,裴,肧,桮
14,1,2,〇,䐯,〇,懷,虺,崴,〇,〇,膗,〇,〇,〇,〇,匯,乖,〇,尵,〇,〇,〇,〇,〇,〇
14,1,3,〇,〇,〇,〇,〇,〇,〇,〇,〇,〇,〇,〇,〇,〇,〇,〇,〇,〇,〇,〇,〇,〇,〇
14,1,4,〇,〇,〇,攜,睳,烓,〇,〇,〇,〇,〇,〇,〇,睽,圭,〇,〇,〇,〇,〇,〇,〇,〇
14,2,1,〇,磥,〇,瘣,賄,猥,〇,〇,辠,皠,嶊,頠,〇,䫥,〇,餧,錞,骽,𦞙𩬳,浼,琲,〇,〇
14,2,2,〇,〇,〇,〇,〇,〇,〇,〇,〇,〇,〇,〇,〇,〇,〇,〇,〇,〇,〇,〇,〇,〇,〇
14,2,3,〇,〇,倄,〇,〇,〇,〇,〇,〇,〇,〇,〇,〇,〇,〇,〇,〇,〇,〇,〇,〇,〇,〇
14,2,4,〇,〇,〇,〇,〇,〇,〇,〇,〇,〇,〇,〇,〇,〇,〇,〇,〇,〇,〇,〇,〇,〇,〇
14,3,1,〇,纇,〇,潰蚚,誨,𩲄,〇,碎,〇,倅,晬,磑,〇,塊,憒,内,隊,退,對,妹,佩,配,背
14,3,2,〇,〇,〇,壞話,𧱳咶,䵳,〇,𠻜,〇,㯔嘬啐,〇,聵,〇,蒯快,怪夬,〇,〇,顡,〇,〇,〇,〇,〇
14,3,3,芮,〇,衞,〇,〇,〇,〇,稅,啜,〇,贅,〇,〇,〇,劌,〇,𨮱,〇,綴,〇,〇,〇,〇
14,3,4,〇,〇,銳,慧,嘒,〇,篲,歲,〇,毳,蕝,〇,〇,〇,桂,〇,〇,〇,〇,〇,〇,〇,〇
14,4,1,〇,〇,〇,〇,〇,〇,〇,〇,〇,〇,〇,〇,〇,〇,〇,〇,〇,〇,〇,〇,〇,〇,〇
14,4,2,〇,〇,〇,〇,〇,〇,〇,〇,〇,〇,〇,〇,〇,〇,〇,〇,〇,〇,〇,〇,〇,〇,〇
14,4,3,〇,〇,〇,〇,〇,〇,〇,〇,〇,〇,〇,〇,〇,〇,〇,〇,〇,〇,〇,〇,〇,〇,〇
14,4,4,〇,〇,〇,〇,〇,〇,〇,〇,〇,〇,〇,〇,〇,〇,〇,〇,〇,〇,〇,〇,〇,〇,〇
15,1,1,〇,〇,〇,〇,〇,〇,〇,〇,〇,〇,〇,〇,〇,〇,〇,〇,〇,〇,〇,〇,〇,〇,〇
15,1,2,〇,〇,〇,㥟,㗨,娃,〇,崽,柴,釵,〇,崖,〇,〇,佳,䍲,〇,扠,〇,䁲,牌,〇,〇
15,1,3,〇,〇,〇,〇,〇,〇,〇,〇,〇,〇,〇,〇,〇,〇,〇,〇,〇,〇,〇,〇,〇,〇,〇
15,1,4,〇,〇,〇,〇,〇,〇,〇,〇,〇,〇,〇,〇,〇,〇,〇,〇,〇,〇,〇,〇,〇,〇,〇
15,2,1,〇,〇,〇,〇,〇,〇,〇,〇,〇,〇,〇,〇,〇,〇,〇,〇,〇,〇,〇,〇,〇,〇,〇
15,2,2,〇,〇,〇,蟹,〇,矮,〇,灑,〇,〇,〇,〇,箉,䒓,解,嬭,廌,〇,〇,買,罷,〇,擺
15,2,3,〇,〇,〇,〇,〇,〇,〇,〇,〇,〇,〇,〇,〇,〇,〇,〇,〇,〇,〇,〇,〇,〇,〇
15,2,4,〇,〇,〇,〇,〇,〇,〇,〇,〇,〇,〇,〇,〇,〇,〇,〇,〇,〇,〇,〇,〇,〇,〇
15,3,1,〇,賴,〇,害,餀,藹,〇,〇,〇,蔡,〇,艾,〇,磕,蓋,柰,大,泰,帶,昧,旆,霈,貝
15,3,2,〇,〇,〇,邂,謑,隘,〇,曬,㾹,差,債,睚,〇,𡢖,懈,〇,〇,〇,〇,賣,粺,派,庍㠔
15,3,3,〇,〇,〇,〇,〇,〇,〇,〇,〇,〇,〇,〇,〇,〇,〇,〇,〇,〇,〇,〇,〇,〇,〇
15,3,4,〇,〇,〇,〇,〇,〇,〇,〇,〇,〇,〇,〇,〇,〇,〇,〇,〇,〇,〇,〇,〇,〇,〇
15,4,1,〇,〇,〇,〇,〇,〇,〇,〇,〇,〇,〇,〇,〇,〇,〇,〇,〇,〇,〇,〇,〇,〇,〇
15,4,2,〇,〇,〇,〇,〇,〇,〇,〇,〇,〇,〇,〇,〇,〇,〇,〇,〇,〇,〇,〇,〇,〇,〇
15,4,3,〇,〇,〇,〇,〇,〇,〇,〇,〇,〇,〇,〇,〇,〇,〇,〇,〇,〇,〇,〇,〇,〇,〇
15,4,4,〇,〇,〇,〇,〇,〇,〇,〇,〇,〇,〇,〇,〇,〇,〇,〇,〇,〇,〇,〇,〇,〇,〇
16,1,1,〇,〇,〇,〇,〇,〇,〇,〇,〇,〇,〇,〇,〇,〇,〇,〇,〇,〇,〇,〇,〇,〇,〇
16,1,2,〇,〇,〇,鼃,竵,蛙,〇,〇,〇,〇,〇,〇,〇,咼,媧,〇,〇,〇,〇,〇,〇,〇,〇
16,1,3,〇,〇,〇,〇,〇,〇,〇,〇,〇,〇,〇,〇,〇,〇,〇,〇,〇,〇,〇,〇,〇,〇,〇
16,1,4,〇,〇,〇,〇,〇,〇,〇,〇,〇,〇,〇,〇,〇,〇,〇,〇,〇,〇,〇,〇,〇,〇,〇
16,2,1,〇,〇,〇,〇,〇,〇,〇,〇,〇,〇,〇,〇,〇,〇,〇,〇,〇,〇,〇,〇,〇,〇,〇
16,2,2,〇,〇,〇,夥,扮,〇,〇,〇,〇,〇,〇,〇,〇,〇,𠁥,〇,㧳,〇,〇,〇,〇,〇,〇
16,2,3,〇,〇,〇,〇,〇,〇,〇,〇,〇,〇,〇,〇,〇,〇,〇,〇,〇,〇,〇,〇,〇,〇,〇
16,2,4,〇,〇,〇,〇,〇,〇,〇,〇,〇,〇,〇,〇,〇,〇,〇,〇,〇,〇,〇,〇,〇,〇,〇
16,3,1,〇,酹,〇,會,𧬨,懀,〇,𥕸,蕞,襊𦦣,最,外,〇,𥢶,儈,〇,兊,娧,祋,〇,〇,〇,〇
16,3,2,〇,〇,〇,畫,諣,〇,〇,〇,〇,〇,〇,〇,〇,〇,卦,〇,〇,〇,膪,〇,〇,〇,〇
16,3,3,〇,〇,〇,〇,〇,〇,〇,〇,〇,〇,〇,〇,〇,〇,〇,〇,〇,〇,〇,〇,〇,〇,〇
16,3,4,〇,〇,〇,〇,〇,〇,〇,〇,〇,〇,〇,〇,〇,〇,〇,〇,〇,〇,〇,〇,〇,〇,〇
16,4,1,〇,〇,〇,〇,〇,〇,〇,〇,〇,〇,〇,〇,〇,〇,〇,〇,〇,〇,〇,〇,〇,〇,〇
16,4,2,〇,〇,〇,〇,〇,〇,〇,〇,〇,〇,〇,〇,〇,〇,〇,〇,〇,〇,〇,〇,〇,〇,〇
16,4,3,〇,〇,〇,〇,〇,〇,〇,〇,〇,〇,〇,〇,〇,〇,〇,〇,〇,〇,〇,〇,〇,〇,〇
16,4,4,〇,〇,〇,〇,〇,〇,〇,〇,〇,〇,〇,〇,〇,〇,〇,〇,〇,〇,〇,〇,〇,〇,〇
17,1,1,〇,〇,〇,痕,〇,恩,〇,〇,〇,〇,〇,垠,〇,〇,根,〇,〇,吞,〇,〇,〇,〇,〇
17,1,2,〇,〇,〇,〇,〇,〇,〇,莘,𦿒,〇,臻,〇,〇,〇,〇,紉,〇,〇,〇,〇,〇,〇,〇
17,1,3,仁,㷠,礥筠,〇,〇,𪔗贇,神,申,辰,瞋,眞,銀,𥎊𧼒,囷,巾麏,〇,陳,𤣆,珍,珉,貧,砏,彬
17,1,4,〇,〇,寅,〇,〇,因,〇,新,秦,親,津,〇,〇,〇,〇,〇,〇,〇,〇,民,頻,繽,賔
17,2,1,〇,〇,〇,很,〇,〇,〇,〇,〇,〇,〇,〇,〇,墾,䫀,〇,〇,〇,〇,〇,〇,〇,〇
17,2,2,〇,〇,〇,〇,〇,〇,〇,〇,濜,齔,𧤛,〇,〇,〇,〇,〇,〇,〇,〇,〇,〇,〇,〇
17,2,3,忍,嶙,殞,〇,〇,〇,〇,矤,腎,〇,軫屒,〇,窘,〇,〇,〇,紖,辴,〇,愍,〇,〇,〇
17,2,4,〇,〇,引,〇,脪,〇,〇,〇,盡,笉,㯸,釿,〇,螼,緊,〇,〇,〇,〇,泯,牝,〇,〇
17,3,1,〇,〇,〇,恨,〇,䭡,〇,〇,〇,〇,〇,䭓,〇,〇,艮,〇,〇,〇,〇,〇,〇,〇,〇
17,3,2,〇,〇,〇,〇,〇,〇,〇,〇,〇,櫬,〇,〇,〇,〇,〇,〇,〇,〇,〇,〇,〇,〇,〇
17,3,3,刃,遴,〇,〇,衅,〇,〇,眒,愼,〇,震,憗,僅,菣,〇,〇,敶,疢,鎭,〇,〇,〇,〇
17,3,4,〇,〇,𦙍,〇,〇,印,賮,信,〇,親,晉,〇,〇,螼,〇,〇,〇,〇,〇,〇,〇,𣎵,儐
17,4,1,〇,〇,〇,麧,〇,〇,〇,〇,〇,〇,〇,〇,〇,〇,〇,〇,〇,〇,〇,〇,〇,〇,〇
17,4,2,〇,〇,〇,〇,〇,〇,〇,瑟,𪗨𪗨,㓼,櫛,〇,〇,〇,〇,暱,〇,〇,〇,〇,〇,〇,〇
17,4,3,日,栗,䫻,〇,肸,乙,實,失,〇,叱,質,耴,姞,〇,曁,〇,秩,抶,窒蛭,密,弼,〇,筆
17,4,4,〇,〇,逸,〇,欯,一,〇,悉,疾,七,堲,〇,〇,詰,吉,〇,〇,〇,〇,蜜,邲,匹,必
18,1,1,〇,論,〇,䰟,昏,𥁕,〇,孫,存,村,尊,㑮,〇,坤,昆,黁,屯,暾,敦,門,盆,濆,奔
18,1,2,〇,〇,〇,〇,〇,〇,〇,〇,〇,〇,〇,〇,〇,〇,〇,〇,〇,〇,〇,〇,〇,〇,〇
18,1,3,犉,淪,〇,〇,〇,〇,脣,〇,純,春,諄,〇,〇,〇,均,〇,䣩,椿,屯,〇,〇,〇,〇
18,1,4,〇,〇,勻,〇,〇,〇,旬,荀,鷷,逡,遵,〇,〇,〇,〇,〇,〇,〇,〇,〇,〇,〇,〇
18,2,1,〇,㤻,〇,混,𦃕,穩,〇,損,鱒,忖,𠟃,〇,〇,閫,𩩌,㶧,囤,畽,〇,懣,獖,翉,本
18,2,2,〇,〇,〇,〇,〇,〇,〇,〇,〇,〇,〇,〇,〇,〇,〇,〇,〇,〇,〇,〇,〇,〇,〇
18,2,3,蝡𣯍,耣,〇,〇,〇,〇,盾,賰,〇,蠢,準,〇,〇,𦃢,〇,〇,〇,偆,〇,〇,〇,〇,〇
18,2,4,〇,〇,尹,〇,〇,〇,〇,筍,〇,〇,〇,〇,〇,〇,〇,〇,〇,〇,〇,〇,〇,〇,〇
18,3,1,〇,論,〇,慁,惛,揾,〇,巽,鐏,寸,焌,顐,〇,困,睔,嫩,鈍,〇,頓,悶,坌,噴,奔
18,3,2,〇,〇,〇,〇,〇,〇,〇,〇,〇,〇,〇,〇,〇,〇,〇,〇,〇,〇,〇,〇,〇,〇,〇
18,3,3,閠,〇,〇,〇,〇,〇,順,舜,〇,〇,稕,〇,〇,〇,呁,〇,〇,〇,〇,〇,〇,〇,〇
18,3,4,〇,〇,〇,〇,〇,〇,殉,𡺲,〇,〇,儁,〇,〇,〇,〇,〇,〇,〇,〇,〇,〇,〇,〇
18,4,1,〇,𠀽,〇,搰,忽,𩑦,〇,窣,捽,猝,卒,兀,〇,窟,骨,訥,突,𣅝宊,咄,没,勃,䪬,不
18,4,2,〇,〇,〇,〇,〇,〇,〇,率,〇,〇,𠭴,〇,〇,〇,〇,〇,〇,〇,〇,〇,〇,〇,〇
18,4,3,〇,律,〇,〇,獝䎉,〇,術,〇,〇,出,〇,〇,〇,〇,橘,〇,术,黜,茁㤕,〇,〇,〇,〇
18,4,4,〇,〇,聿,〇,〇,〇,〇,卹,崒,焌,卒,〇,〇,〇,〇,〇,〇,〇,〇,〇,〇,〇,〇
19,1,1,〇,〇,〇,〇,〇,〇,〇,〇,〇,〇,〇,〇,〇,〇,〇,〇,〇,〇,〇,〇,〇,〇,〇
19,1,2,〇,〇,〇,〇,〇,〇,〇,〇,〇,〇,〇,〇,〇,〇,〇,〇,〇,〇,〇,〇,〇,〇,〇
19,1,3,〇,〇,〇,〇,欣,殷,〇,〇,〇,〇,〇,䖐,勤,〇,斤,〇,〇,〇,〇,〇,〇,〇,〇
19,1,4,〇,〇,〇,〇,〇,〇,〇,〇,〇,〇,〇,〇,〇,〇,〇,〇,〇,〇,〇,〇,〇,〇,〇
19,2,1,〇,〇,〇,〇,〇,〇,〇,〇,〇,〇,〇,〇,〇,〇,〇,〇,〇,〇,〇,〇,〇,〇,〇
19,2,2,〇,〇,〇,〇,〇,〇,〇,〇,〇,〇,〇,〇,〇,〇,〇,〇,〇,〇,〇,〇,〇,〇,〇
19,2,3,〇,〇,〇,〇,䘆,隱,〇,〇,〇,〇,〇,听,近,赾,謹,〇,〇,〇,〇,〇,〇,〇,〇
19,2,4,〇,〇,〇,〇,〇,〇,〇,〇,〇,〇,〇,〇,〇,〇,〇,〇,〇,〇,〇,〇,〇,〇,〇
19,3,1,〇,〇,〇,〇,〇,〇,〇,〇,〇,〇,〇,〇,〇,〇,〇,〇,〇,〇,〇,〇,〇,〇,〇
19,3,2,〇,〇,〇,〇,〇,〇,〇,〇,〇,〇,〇,〇,〇,〇,〇,〇,〇,〇,〇,〇,〇,〇,〇
19,3,3,〇,〇,〇,〇,焮,㒚,〇,〇,〇,〇,〇,垽,近,〇,靳,〇,〇,〇,〇,〇,〇,〇,〇
19,3,4,〇,〇,〇,〇,〇,〇,〇,〇,〇,〇,〇,〇,〇,〇,〇,〇,〇,〇,〇,〇,〇,〇,〇
19,4,1,〇,〇,〇,〇,〇,〇,〇,〇,〇,〇,〇,〇,〇,〇,〇,〇,〇,〇,〇,〇,〇,〇,〇
19,4,2,〇,〇,〇,〇,〇,〇,〇,〇,〇,〇,〇,〇,〇,〇,〇,〇,〇,〇,〇,〇,〇,〇,〇
19,4,3,〇,〇,〇,〇,迄,〇,〇,〇,〇,〇,〇,疙,䞘,乞,訖,〇,〇,〇,〇,〇,〇,〇,〇
19,4,4,〇,〇,〇,〇,〇,〇,〇,〇,〇,〇,〇,〇,〇,〇,〇,〇,〇,〇,〇,〇,〇,〇,〇
20,1,1,〇,〇,〇,〇,〇,〇,〇,〇,〇,〇,〇,〇,〇,〇,〇,〇,〇,〇,〇,〇,〇,〇,〇
20,1,2,〇,〇,〇,〇,〇,〇,〇,〇,〇,〇,〇,〇,〇,〇,〇,〇,〇,〇,〇,〇,〇,〇,〇
20,1,3,〇,〇,雲,〇,薰,煴,〇,〇,〇,〇,〇,〇,羣,〇,君,〇,〇,〇,〇,文,汾,芬,分
20,1,4,〇,〇,〇,〇,〇,〇,〇,〇,〇,〇,〇,〇,〇,〇,〇,〇,〇,〇,〇,〇,〇,〇,〇
20,2,1,〇,〇,〇,〇,〇,〇,〇,〇,〇,〇,〇,〇,〇,〇,〇,〇,〇,〇,〇,〇,〇,〇,〇
20,2,2,〇,〇,〇,〇,〇,〇,〇,〇,〇,〇,〇,〇,〇,〇,〇,〇,〇,〇,〇,〇,〇,〇,〇
20,2,3,〇,〇,抎,〇,〇,惲,〇,〇,〇,〇,〇,齳,〇,𧼐,〇,〇,〇,〇,〇,吻,憤,忿,粉
20,2,4,〇,〇,〇,〇,〇,〇,〇,〇,〇,〇,〇,〇,〇,〇,〇,〇,〇,〇,〇,〇,〇,〇,〇
20,3,1,〇,〇,〇,〇,〇,〇,〇,〇,〇,〇,〇,〇,〇,〇,〇,〇,〇,〇,〇,〇,〇,〇,〇
20,3,2,〇,〇,〇,〇,〇,〇,〇,〇,〇,〇,〇,〇,〇,〇,〇,〇,〇,〇,〇,〇,〇,〇,〇
20,3,3,〇,〇,運,〇,訓,醖,〇,〇,〇,〇,〇,〇,郡,〇,攈,〇,〇,〇,〇,問,分,湓,糞
20,3,4,〇,〇,〇,〇,〇,〇,〇,〇,〇,〇,〇,〇,〇,〇,〇,〇,〇,〇,〇,〇,〇,〇,〇
20,4,1,〇,〇,〇,〇,〇,〇,〇,〇,〇,〇,〇,〇,〇,〇,〇,〇,〇,〇,〇,〇,〇,〇,〇
20,4,2,〇,〇,〇,〇,〇,〇,〇,〇,〇,〇,〇,〇,〇,〇,〇,〇,〇,〇,〇,〇,〇,〇,〇
20,4,3,〇,〇,䬑,〇,䬍,鬱,〇,〇,〇,〇,〇,崛,倔,屈,𠀔,〇,〇,〇,〇,物,佛,拂,弗
20,4,4,〇,〇,〇,〇,〇,〇,〇,〇,〇,〇,〇,〇,〇,〇,〇,〇,〇,〇,〇,〇,〇,〇,〇
21,1,1,〇,〇,〇,〇,〇,〇,〇,〇,〇,〇,〇,〇,〇,〇,〇,〇,〇,〇,〇,〇,〇,〇,〇
21,1,2,〇,斕,〇,閑,羴,黰,〇,山,虥虥,㺗,〇,詽,〇,慳,閒,嘫,𤣆,〇,譠,〇,〇,〇,斒
21,1,3,然,連,〇,〇,軒,蔫,〇,羶,鋋,燀,𩜾,言,𥴤,攑,𢳚,〇,〇,〇,〇,〇,〇,〇,〇
21,1,4,〇,〇,延,〇,嘕,〇,㳄,仙,錢,遷,煎,〇,〇,〇,甄,〇,〇,〇,〇,緜,便,篇,鞭
21,2,1,〇,〇,〇,〇,〇,〇,〇,〇,〇,〇,〇,〇,〇,〇,〇,〇,〇,〇,〇,〇,〇,〇,〇
21,2,2,〇,〇,〇,限,〇,〇,〇,産,棧,剗,醆,眼,〇,齦,簡,〇,〇,〇,〇,𥇅,〇,〇,〇
21,2,3,蹨,輦,〇,〇,幰,偃,〇,㒄,善,闡,𦗢,𧥜,寋,𧥛,湕,〇,〇,〇,〇,〇,〇,〇,〇
21,2,4,〇,〇,演,〇,〇,〇,𦆀,獮,踐,淺,翦,〇,〇,遣,〇,〇,〇,〇,〇,緬,楩,〇,褊
21,3,1,〇,〇,〇,〇,〇,〇,〇,〇,〇,〇,〇,〇,〇,〇,〇,〇,〇,〇,〇,〇,〇,〇,〇
21,3,2,〇,〇,〇,莧,〇,〇,〇,〇,〇,〇,〇,〇,〇,〇,襇,〇,袒,〇,〇,蔄,瓣,盻,扮
21,3,3,〇,𤹨,〇,〇,獻,堰,〇,扇,繕,硟,戰,𤬝,健,〇,建,〇,〇,〇,〇,〇,〇,〇,〇
21,3,4,〇,〇,衍,〇,〇,躽,羡,線,賤,〇,箭,〇,〇,譴,〇,〇,〇,〇,〇,面,便,騗,〇
21,4,1,〇,〇,〇,〇,〇,〇,〇,〇,〇,〇,〇,〇,〇,〇,〇,〇,〇,〇,〇,〇,〇,〇,〇
21,4,2,〇,〇,〇,黠,傄,軋,〇,殺,〇,𪙻,札,〇,〇,𤫶,戛,痆,〇,〇,〇,㑻,拔,汃,八
21,4,3,熱,列,〇,〇,歇,謁,舌,設,折,掣,晢,钀,𢷒,〇,訐,〇,〇,〇,〇,〇,〇,〇,〇
21,4,4,〇,〇,抴,〇,〇,〇,〇,薛,〇,〇,〇,〇,〇,〇,〇,〇,〇,〇,〇,滅,〇,瞥,鷩
22,1,1,〇,〇,〇,〇,〇,〇,〇,〇,〇,〇,〇,〇,〇,〇,〇,〇,〇,〇,〇,〇,〇,〇,〇
22,1,2,〇,𡰠,〇,湲,〇,〇,〇,〇,〇,〇,〇,〇,𡰝,〇,鰥,〇,窀,〇,〇,〇,〇,〇,〇
22,1,3,堧,攣,袁嬽,〇,暄,鴛,船,〇,遄,穿,專,元,〇,〇,〇,〇,〇,〇,〇,樠,煩,飜,蕃
22,1,4,〇,〇,沿,〇,翾,娟,旋,宣,全,詮,鐫,〇,〇,〇,〇,〇,〇,〇,〇,〇,〇,〇,〇
22,2,1,〇,〇,〇,〇,〇,〇,〇,〇,〇,〇,〇,〇,〇,〇,〇,〇,〇,〇,〇,〇,〇,〇,〇
22,2,2,〇,〇,〇,〇,〇,〇,〇,〇,〇,㦃,〇,〇,〇,〇,〇,〇,〇,〇,〇,〇,〇,〇,〇
22,2,3,輭,臠,遠,〇,暅,婉,〇,〇,膞,舛,剸,阮,𧯦,䅚,〇,〇,〇,〇,〇,晚,飯,〇,反
22,2,4,〇,〇,兖,〇,蠉,〇,〇,選,雋,〇,臇,〇,蜎,〇,〇,〇,〇,〇,〇,〇,〇,〇,〇
22,3,1,〇,〇,〇,〇,〇,〇,〇,〇,〇,〇,〇,〇,〇,〇,〇,〇,〇,〇,〇,〇,〇,〇,〇
22,3,2,〇,〇,〇,幻,〇,〇,〇,〇,〇,〇,〇,〇,〇,〇,鰥,〇,〇,〇,〇,〇,〇,〇,〇
22,3,3,𤲬,戀,遠,〇,楥,怨,〇,〇,𢮛,釧,剸,願,圈,劵,㪻,〇,〇,〇,〇,万,飯,嬔𣀔,販
22,3,4,〇,〇,掾,〇,〇,〇,㳬,選,〇,縓,〇,〇,〇,〇,絹,〇,〇,〇,〇,〇,〇,〇,〇
22,4,1,〇,〇,〇,〇,〇,〇,〇,〇,〇,〇,〇,〇,〇,〇,〇,〇,〇,〇,〇,〇,〇,〇,〇
22,4,2,〇,〇,〇,滑,〇,婠,〇,〇,〇,〇,茁,𦤙,〇,䯇,劀,豽,〇,〇,窡,〇,〇,〇,〇
22,4,3,爇,劣,越,〇,䬂,𡡕,〇,說,〇,歠啜,拙,月,𧤼,闕,厥,〇,〇,〇,〇,韤,伐,怖,髮
22,4,4,〇,〇,悅,〇,〇,妜,㿱,雪,絕,膬,蕝蠽,〇,〇,缺,〇,〇,〇,〇,〇,〇,〇,〇,〇
23,1,1,〇,蘭,〇,寒,頇,安,〇,𦙽,殘,餐,〇,豻,〇,看,干,難,壇,灘,單,〇,〇,〇,〇
23,1,2,〇,〇,〇,〇,〇,〇,〇,刪,潺,〇,〇,顏,〇,馯豻,姦,〇,〇,〇,〇,蠻,〇,攀,班
23,1,3,〇,〇,漹,〇,〇,焉,〇,〇,〇,〇,〇,〇,乾,愆,〇,〇,纏,脠,邅,〇,〇,〇,〇
23,1,4,〇,蓮,〇,賢,祆,煙,〇,先,前𤜼,千,箋,姸,〇,牽,堅,秊,田,天,顚,眠,蹁,〇,邊
23,2,1,〇,嬾,〇,旱,䍐,〇,〇,散,瓉,〇,䰖,〇,〇,侃,笴,攤,但,坦,亶,〇,〇,〇,〇
23,2,2,〇,〇,〇,僩,〇,〇,〇,潸,𪘪棧,㹽,䩆,𪗙,〇,〇,〇,赧趁,〇,〇,〇,矕,阪,眅,版
23,2,3,〇,〇,〇,〇,〇,㫃,〇,〇,〇,〇,〇,齴,件,〇,蹇,〇,邅,搌,展,免,辯,鴘,辡
23,2,4,〇,〇,〇,峴,顯,蝘,〇,銑,〇,〇,〇,齞,〇,𥧬,繭,撚,殄,腆,典,㨠,辮,〇,編
23,3,1,〇,爛,〇,翰,漢,按,〇,繖,㜺,粲,賛,岸,〇,侃,旰,攤,憚,炭,旦,〇,〇,〇,〇
23,3,2,〇,〇,〇,骭,〇,晏,〇,訕,輚,鏟,〇,鴈,〇,〇,諫,輾,〇,㬄,〇,慢,〇,襻,〇
23,3,3,〇,〇,〇,〇,〇,〇,〇,〇,〇,〇,〇,彥,〇,〇,〇,〇,邅,〇,𩥇,〇,卞,〇,變
23,3,4,〇,練,〇,見,𩎌,宴,〇,霰,荐,蒨,薦,硯,〇,俔,見,晛,電,瑱,殿,麫,〇,片,徧
23,4,1,〇,剌,〇,曷,䫘,遏,〇,躠,巀,攃,䰖,嶭,〇,渴,葛,捺,達,闥,怛,〇,〇,〇,〇
23,4,2,𩭿,〇,〇,鎋,瞎,𪆰,〇,摋,𨰉𨵊,刹㔍,〇,齾,〇,𥴭,𪈟,〇,〇,獺,哳,𥗥,〇,〇,捌
23,4,3,〇,〇,〇,〇,娎,焆,〇,〇,〇,〇,〇,孼,傑,朅,孑,〇,轍,屮,哲,〇,别,〇,䇷
23,4,4,〇,𥸸,〇,纈,𡘐,噎,〇,屑,𢧵,切,節,齧,〇,猰,結,涅,姪,鐵,窒,蔑,蹩,撆,㢼
24,1,1,〇,鑾,〇,桓,歡,剜,〇,酸,櫕,攛,鑚,岏,〇,寬,官,濡,團,湍,端,瞞,槃,潘,𤳖
24,1,2,〇,〇,〇,還,〇,彎,〇,𣠯栓,〇,〇,跧恮,𤸷,〇,〇,關,奻,〇,〇,〇,〇,〇,〇,〇
24,1,3,〇,〇,貟,〇,〇,嬽,〇,〇,〇,〇,〇,〇,權,弮,勬,〇,椽,猭,𡰝,〇,〇,〇,〇
24,1,4,〇,〇,〇,玄,鋗,淵,〇,〇,〇,〇,〇,〇,〇,〇,涓,〇,〇,〇,〇,〇,〇,〇,〇
24,2,1,〇,卵,〇,緩,〇,椀,鄹,算,〇,〇,纂,〇,〇,款,管,煗,斷,疃,短,滿,伴,坢,粄
24,2,2,〇,〇,〇,睆,〇,綰,〇,〇,撰撰,〇,〇,〇,〇,〇,〇,〇,〇,〇,〇,〇,〇,〇,〇
24,2,3,〇,〇,〇,〇,〇,〇,〇,〇,〇,〇,〇,〇,圈,〇,卷,〇,篆,〇,轉,〇,〇,〇,〇
24,2,4,〇,〇,〇,泫,〇,〇,〇,〇,〇,〇,〇,〇,〇,犬,𡿨,〇,〇,〇,〇,〇,〇,〇,〇
24,3,1,〇,亂,〇,換,喚,惋,〇,筭,攅,竄,䂎,玩,〇,䥗,貫,偄,段,彖,鍛,縵,叛,判,半
24,3,2,〇,〇,〇,患,〇,綰,〇,㝈𨏉,籑,篡,孨,薍,〇,〇,慣,奻,〇,〇,〇,〇,〇,〇,〇
24,3,3,〇,〇,瑗,〇,〇,〇,〇,〇,〇,〇,〇,〇,倦,𥛁,眷,〇,傳,猭,囀,〇,〇,〇,〇
24,3,4,〇,〇,〇,縣,絢,䬼,〇,〇,〇,〇,〇,〇,〇,〇,睊,〇,〇,〇,〇,〇,〇,〇,〇
24,4,1,〇,捋,〇,活,豁,斡,〇,〇,柮,撮,繓,枂,〇,闊,括,〇,奪,侻,掇,䔾末,跋,鏺,撥
24,4,2,〇,〇,〇,頢,〇,〇,〇,刷㕞,〇,䵵,茁,刖,〇,〇,刮,妠呐,〇,䫄,鵽,〇,〇,〇,〇
24,4,3,〇,〇,〇,〇,𥄎,噦,〇,〇,〇,〇,〇,〇,〇,〇,蹶,〇,〇,𤿫,輟,〇,〇,〇,〇
24,4,4,〇,〇,〇,穴,血,抉,〇,〇,〇,〇,〇,〇,〇,闋,玦,〇,〇,〇,〇,〇,〇,〇,〇
25,1,1,〇,勞,〇,豪,蒿,𤏶,〇,騷,曹,操,糟,敖,〇,尻,髙,猱,陶,饕,刀,毛,袍,㯱,襃
25,1,2,〇,顟,〇,肴,虓,䫜,〇,梢,巢,䜈,𦗔,聱,〇,敲,交,鐃,䄻,䫸,嘲,茅,庖,胞,包
25,1,3,饒,燎,鴞,〇,嚻,妖,〇,燒,韶,怊,昭,〇,喬,趫,驕,〇,𪓙,超,朝,苗,〇,〇,鑣
25,1,4,〇,聊,遙,〇,膮,幺要,〇,蕭宵,樵,鍫,焦,堯,翹,鄡蹻,驍,〇,迢,祧,貂,蜱,瓢,爂,飊
25,2,1,〇,老,〇,晧,好,襖,〇,㛮,皁,草,早,𦽀,〇,考,暠,堖,道,討,倒,蓩,抱,〇,寶
25,2,2,〇,〇,〇,澩,〇,拗,〇,𢾐,䰫,煼,爪,齩,〇,巧,絞,㺒,〇,〇,䝤,卯,鮑,〇,飽
25,2,3,擾,繚,〇,〇,〇,夭,〇,少,紹,𪍑,沼,〇,𨲭,〇,矯,〇,肇,巐,〇,〇,藨,麃,表
25,2,4,〇,了,鷕,皛,䥵,杳闄,〇,篠小,〇,悄,湫𠞰,〇,〇,磽,皎,嬲,窕,朓,鳥,眇,摽,縹,褾
25,3,1,〇,嫪,〇,号,秏,奥,〇,喿,漕,操,竈,傲,〇,𩝝,誥,腝,導,韜,到,冃,暴,〇,報
25,3,2,〇,〇,〇,效,孝,靿,〇,稍,巢,抄,抓,樂,〇,敲,敎,橈,棹,趠,罩,皃,靤,奅,豹
25,3,3,饒,𤊽,〇,〇,〇,〇,〇,少,邵,〇,照,𧇠,嶠,趬,〇,〇,召,朓,〇,廟,〇,〇,裱
25,3,4,〇,𩕐,燿,〇,𢿿,窔要,〇,嘯𥬇,噍,陗,醮,顤,翹,竅,叫,尿,藋,糶,弔,妙,驃,剽,〇
25,4,1,〇,〇,〇,〇,〇,〇,〇,〇,〇,〇,〇,〇,〇,〇,〇,〇,〇,〇,〇,〇,〇,〇,〇
25,4,2,〇,〇,〇,〇,〇,〇,〇,〇,〇,〇,〇,〇,〇,〇,〇,〇,〇,〇,〇,〇,〇,〇,〇
25,4,3,〇,〇,〇,〇,〇,〇,〇,〇,〇,〇,〇,〇,〇,〇,〇,〇,〇,〇,〇,〇,〇,〇,〇
25,4,4,〇,〇,〇,〇,〇,〇,〇,〇,〇,〇,〇,〇,〇,〇,〇,〇,〇,〇,〇,〇,〇,〇,〇
27,1,1,〇,羅,〇,何,訶,阿,〇,娑,醝,蹉,〇,莪,〇,珂,歌,那,駝,佗,多,〇,〇,〇,〇
27,1,2,〇,〇,〇,〇,〇,〇,〇,〇,〇,〇,〇,〇,〇,〇,〇,〇,〇,〇,〇,〇,〇,〇,〇
27,1,3,〇,〇,〇,〇,〇,〇,〇,〇,〇,〇,〇,〇,伽,佉,迦,〇,〇,〇,〇,〇,〇,〇,〇
27,1,4,〇,〇,〇,〇,〇,〇,〇,〇,〇,〇,〇,〇,〇,〇,〇,〇,〇,〇,〇,〇,〇,〇,〇
27,2,1,〇,㰁,〇,荷,㰤,𨵌,〇,縒,〇,瑳,左,我,〇,可,哿,橠,爹,袉,嚲,〇,〇,〇,〇
27,2,2,〇,〇,〇,〇,〇,〇,〇,〇,〇,〇,〇,〇,〇,〇,〇,〇,〇,〇,〇,〇,〇,〇,〇
27,2,3,〇,〇,〇,〇,〇,〇,〇,〇,〇,〇,〇,〇,〇,〇,〇,〇,〇,〇,〇,〇,〇,〇,〇
27,2,4,〇,〇,〇,〇,〇,〇,〇,〇,〇,〇,〇,〇,〇,〇,〇,〇,〇,〇,〇,〇,〇,〇,〇
27,3,1,〇,邏,〇,賀,呵,侉,〇,些,〇,〇,佐,餓,〇,坷,箇,奈,䭾,拖,跢,〇,〇,〇,〇
27,3,2,〇,〇,〇,〇,〇,〇,〇,〇,〇,〇,〇,〇,〇,〇,〇,〇,〇,〇,〇,〇,〇,〇,〇
27,3,3,〇,〇,〇,〇,〇,〇,〇,〇,〇,〇,〇,〇,〇,〇,〇,〇,〇,〇,〇,〇,〇,〇,〇
27,3,4,〇,〇,〇,〇,〇,〇,〇,〇,〇,〇,〇,〇,〇,〇,〇,〇,〇,〇,〇,〇,〇,〇,〇
27,4,1,〇,〇,〇,〇,〇,〇,〇,〇,〇,〇,〇,〇,〇,〇,〇,〇,〇,〇,〇,〇,〇,〇,〇
27,4,2,〇,〇,〇,〇,〇,〇,〇,〇,〇,〇,〇,〇,〇,〇,〇,〇,〇,〇,〇,〇,〇,〇,〇
27,4,3,〇,〇,〇,〇,〇,〇,〇,〇,〇,〇,〇,〇,〇,〇,〇,〇,〇,〇,〇,〇,〇,〇,〇
27,4,4,〇,〇,〇,〇,〇,〇,〇,〇,〇,〇,〇,〇,〇,〇,〇,〇,〇,〇,〇,〇,〇,〇,〇
28,1,1,〇,𩼊,〇,和,〇,倭,〇,莎,矬,遳,〇,訛,〇,科,戈,捼,㸰,詑,𨹃,摩,婆,頗,波
28,1,2,〇,〇,〇,〇,〇,〇,〇,〇,〇,〇,〇,〇,〇,〇,〇,〇,〇,〇,〇,〇,〇,〇,〇
28,1,3,〇,𦣛,〇,〇,鞾,𦚢,〇,〇,〇,〇,〇,〇,瘸,𩨷,〇,〇,〇,〇,〇,〇,〇,〇,〇
28,1,4,〇,〇,〇,〇,〇,〇,〇,〇,〇,脞,侳,〇,〇,〇,〇,〇,〇,〇,〇,〇,〇,〇,〇
28,2,1,〇,裸,〇,禍,火,婐,〇,鎖,坐,脞,硰,㛂,〇,顆,果,㛂,墮,妥,埵,麼,爸,叵,跛
28,2,2,〇,〇,〇,〇,〇,〇,〇,〇,〇,〇,〇,〇,〇,〇,〇,〇,〇,〇,〇,〇,〇,〇,〇
28,2,3,〇,〇,〇,〇,〇,〇,〇,〇,〇,〇,〇,〇,〇,〇,〇,〇,〇,〇,〇,〇,〇,〇,〇
28,2,4,〇,〇,〇,〇,〇,〇,〇,〇,〇,〇,𡎬,〇,〇,〇,〇,〇,〇,〇,〇,〇,〇,〇,〇
28,3,1,〇,䇔,〇,和,貨,涴,〇,䐝,座,剉諎磋,挫,臥,〇,課,過,愞,惰,唾,桗,磨,縛,破,播
28,3,2,〇,〇,〇,〇,〇,〇,〇,〇,〇,〇,〇,〇,〇,〇,〇,〇,〇,〇,〇,〇,〇,〇,〇
28,3,3,〇,〇,〇,〇,〇,〇,〇,〇,〇,〇,〇,〇,〇,〇,〇,〇,〇,〇,〇,〇,〇,〇,〇
28,3,4,〇,〇,〇,〇,〇,〇,〇,〇,〇,〇,〇,〇,〇,〇,〇,〇,〇,〇,〇,〇,〇,〇,〇
28,4,1,〇,〇,〇,〇,〇,〇,〇,〇,〇,〇,〇,〇,〇,〇,〇,〇,〇,〇,〇,〇,〇,〇,〇
28,4,2,〇,〇,〇,〇,〇,〇,〇,〇,〇,〇,〇,〇,〇,〇,〇,〇,〇,〇,〇,〇,〇,〇,〇
28,4,3,〇,〇,〇,〇,〇,〇,〇,〇,〇,〇,〇,〇,〇,〇,〇,〇,〇,〇,〇,〇,〇,〇,〇
28,4,4,〇,〇,〇,〇,〇,〇,〇,〇,〇,〇,〇,〇,〇,〇,〇,〇,〇,〇,〇,〇,〇,〇,〇
29,1,1,〇,〇,〇,〇,〇,〇,〇,〇,〇,〇,〇,〇,〇,〇,〇,〇,〇,〇,〇,〇,〇,〇,〇
29,1,2,〇,〇,〇,遐,煆,鴉,〇,鯊,楂,叉,樝,牙,〇,䶗𣘟,嘉,拏,𡨀,侘,奓,麻,爬,葩,巴
29,1,3,若,〇,〇,〇,〇,〇,蛇,奢,闍,車,遮,〇,〇,〇,〇,〇,〇,〇,爹,〇,〇,〇,〇
29,1,4,〇,〇,邪,〇,〇,〇,衺,些,㚗,〇,嗟,〇,〇,〇,〇,〇,〇,〇,〇,〇,〇,〇,〇
29,2,1,〇,〇,〇,〇,〇,〇,〇,〇,〇,〇,〇,〇,〇,〇,〇,〇,〇,〇,〇,〇,〇,〇,〇
29,2,2,〇,藞,〇,下,㗿,啞,〇,灑,槎,〇,鮓,雅,〇,跒,檟,䋈,〇,奼,觰䋾,馬,跁,〇,把
29,2,3,若,〇,〇,〇,〇,〇,〇,捨,社,奲,者,〇,〇,〇,〇,〇,〇,〇,〇,乜,〇,〇,〇
29,2,4,〇,〇,野,〇,〇,〇,灺,寫,〇,且,姐,〇,〇,〇,〇,〇,〇,〇,〇,〇,〇,〇,〇
29,3,1,〇,〇,〇,〇,〇,〇,〇,〇,〇,〇,〇,〇,〇,〇,〇,〇,〇,〇,〇,〇,〇,〇,〇
29,3,2,〇,〇,〇,暇,嚇,亞,〇,嗄,乍,岔,詐,迓,〇,髂,駕,䏧,䖳,詫,吒,禡,𤝡,帊,霸
29,3,3,偌,〇,〇,〇,〇,〇,射,舎,〇,䞣,柘,〇,〇,〇,〇,〇,〇,〇,〇,〇,〇,〇,〇
29,3,4,〇,〇,夜,〇,〇,〇,謝,蝑,褯,笪,唶,〇,〇,〇,〇,〇,〇,〇,〇,〇,〇,〇,〇
29,4,1,〇,〇,〇,〇,〇,〇,〇,〇,〇,〇,〇,〇,〇,〇,〇,〇,〇,〇,〇,〇,〇,〇,〇
29,4,2,〇,〇,〇,〇,〇,〇,〇,〇,〇,〇,〇,〇,〇,〇,〇,〇,〇,〇,〇,〇,〇,〇,〇
29,4,3,〇,〇,〇,〇,〇,〇,〇,〇,〇,〇,〇,〇,〇,〇,〇,〇,〇,〇,〇,〇,〇,〇,〇
29,4,4,〇,〇,〇,〇,〇,〇,〇,〇,〇,〇,〇,〇,〇,〇,〇,〇,〇,〇,〇,〇,〇,〇,〇
30,1,1,〇,〇,〇,〇,〇,〇,〇,〇,〇,〇,〇,〇,〇,〇,〇,〇,〇,〇,〇,〇,〇,〇,〇
30,1,2,〇,〇,〇,華,華,窊,〇,〇,〇,〇,髽,𣢉,〇,誇,瓜,〇,〇,〇,檛,〇,〇,〇,〇
30,1,3,〇,〇,〇,〇,〇,〇,〇,〇,〇,〇,〇,〇,〇,〇,〇,〇,〇,〇,〇,〇,〇,〇,〇
30,1,4,〇,〇,〇,〇,〇,〇,〇,〇,〇,〇,〇,〇,〇,〇,〇,〇,〇,〇,〇,〇,〇,〇,〇
30,2,1,〇,〇,〇,〇,〇,〇,〇,〇,〇,〇,〇,〇,〇,〇,〇,〇,〇,〇,〇,〇,〇,〇,〇
30,2,2,〇,〇,〇,踝,〇,〇,〇,葰,〇,䂳,〇,瓦,〇,髁,寡,〇,〇,䊬,〇,〇,〇,〇,〇
30,2,3,〇,〇,〇,〇,〇,〇,〇,〇,〇,〇,〇,〇,〇,〇,〇,〇,〇,〇,〇,〇,〇,〇,〇
30,2,4,〇,〇,〇,〇,〇,〇,〇,〇,〇,〇,〇,〇,〇,〇,〇,〇,〇,〇,〇,〇,〇,〇,〇
30,3,1,〇,〇,〇,〇,〇,〇,〇,〇,〇,〇,〇,〇,〇,〇,〇,〇,〇,〇,〇,〇,〇,〇,〇
30,3,2,〇,〇,〇,摦,化,攨,〇,誜,〇,〇,〇,瓦,〇,跨,坬,〇,〇,〇,〇,〇,〇,〇,〇
30,3,3,〇,〇,〇,〇,〇,〇,〇,〇,〇,〇,〇,〇,〇,〇,〇,〇,〇,〇,〇,〇,〇,〇,〇
30,3,4,〇,〇,〇,〇,〇,〇,〇,〇,〇,〇,〇,〇,〇,〇,〇,〇,〇,〇,〇,〇,〇,〇,〇
30,4,1,〇,〇,〇,〇,〇,〇,〇,〇,〇,〇,〇,〇,〇,〇,〇,〇,〇,〇,〇,〇,〇,〇,〇
30,4,2,〇,〇,〇,〇,〇,〇,〇,〇,〇,〇,〇,〇,〇,〇,〇,〇,〇,〇,〇,〇,〇,〇,〇
30,4,3,〇,〇,〇,〇,〇,〇,〇,〇,〇,〇,〇,〇,〇,〇,〇,〇,〇,〇,〇,〇,〇,〇,〇
30,4,4,〇,〇,〇,〇,〇,〇,〇,〇,〇,〇,〇,〇,〇,〇,〇,〇,〇,〇,〇,〇,〇,〇,〇
31,1,1,〇,郎,〇,航,炕,鴦,〇,桑,藏,倉,臧,卬,〇,康,岡,囊,唐,湯,當,茫,傍,滂,幫
31,1,2,〇,〇,〇,〇,〇,〇,〇,霜,牀,創,莊,〇,〇,〇,〇,孃,〇,〇,〇,〇,〇,〇,〇
31,1,3,穰,良,〇,〇,香,央,〇,商,常,昌,章,〇,強,羌,薑,〇,長,𦳝,張,〇,〇,〇,〇
31,1,4,〇,〇,陽,〇,〇,〇,詳,襄,牆,鏘,將,〇,〇,〇,〇,〇,〇,〇,〇,〇,〇,〇,〇
31,2,1,〇,朗,〇,沆,汻,坱,〇,顙,奘,蒼,駔,䭹,〇,慷,䴚,曩,蕩,曭,黨,莽,〇,髈,榜
31,2,2,〇,〇,〇,〇,〇,〇,〇,𤕤,〇,磢䫪,〇,〇,〇,〇,〇,〇,〇,〇,〇,〇,〇,〇,〇
31,2,3,壤,㒳,〇,〇,響,鞅,〇,賞,上,敞,掌,仰,勥,〇,繈,〇,丈,昶,長,〇,〇,〇,〇
31,2,4,〇,〇,養,〇,〇,〇,像,想,〇,搶,㢡,〇,〇,〇,〇,〇,〇,〇,〇,〇,〇,〇,〇
31,3,1,〇,浪,〇,吭,〇,盎,〇,喪,藏,〇,葬,枊,〇,抗,鋼,儾,宕,儻,譡,漭,傍,〇,螃
31,3,2,〇,〇,〇,〇,〇,〇,〇,〇,狀,剏,壯,〇,〇,〇,〇,釀,〇,〇,〇,〇,〇,〇,〇
31,3,3,讓,亮,〇,〇,向,怏,〇,餉,尚,唱,障,𨋕,弶,唴,彊,〇,仗,悵,帳,〇,〇,〇,〇
31,3,4,〇,〇,漾,〇,〇,〇,〇,相,匠,蹡,醬,〇,〇,〇,〇,〇,〇,〇,〇,〇,〇,〇,〇
31,4,1,〇,落,〇,涸,𦞦,惡,〇,索,昨,錯,作,咢,〇,恪,各,諾,鐸,託,〇,莫,〇,〇,〇
31,4,2,〇,〇,〇,〇,〇,〇,〇,〇,〇,〇,斮,〇,〇,〇,〇,逽,〇,〇,〇,〇,〇,〇,〇
31,4,3,若,略,〇,〇,謔,約,〇,爍,妁,綽,灼,虐,噱,卻,腳,〇,著,㲋,芍,〇,〇,〇,〇
31,4,4,〇,〇,藥,〇,〇,〇,〇,削,皭,鵲,爵,〇,〇,〇,〇,〇,〇,〇,〇,〇,〇,〇,〇
32,1,1,〇,〇,〇,黃,荒,汪,〇,〇,〇,〇,〇,〇,〇,䯑,光,〇,〇,〇,〇,〇,〇,〇,〇
32,1,2,〇,〇,〇,〇,〇,〇,〇,〇,〇,〇,〇,〇,〇,〇,〇,〇,〇,〇,〇,〇,〇,〇,〇
32,1,3,〇,〇,王,〇,〇,〇,〇,〇,〇,〇,〇,〇,狂,匡,〇,〇,〇,〇,〇,亡,房,芳,方
32,1,4,〇,〇,〇,〇,〇,〇,〇,〇,〇,〇,〇,〇,〇,〇,〇,〇,〇,〇,〇,〇,〇,〇,〇
32,2,1,〇,〇,〇,晃,慌,㳹,〇,〇,〇,〇,〇,〇,〇,懬,廣,〇,〇,〇,〇,〇,〇,〇,〇
32,2,2,〇,〇,〇,〇,〇,〇,〇,〇,〇,〇,〇,〇,〇,〇,〇,〇,〇,〇,〇,〇,〇,〇,〇
32,2,3,〇,〇,往,〇,怳,枉,〇,〇,〇,〇,〇,〇,俇,〇,獷臩,〇,〇,〇,〇,网,𩦠,髣,昉
32,2,4,〇,〇,〇,〇,〇,〇,〇,〇,〇,〇,〇,〇,〇,〇,〇,〇,〇,〇,〇,〇,〇,〇,〇
32,3,1,〇,〇,〇,攩,荒,汪,〇,〇,〇,〇,〇,〇,〇,曠,桄,〇,〇,〇,〇,〇,〇,〇,〇
32,3,2,〇,〇,〇,〇,〇,〇,〇,〇,〇,〇,〇,〇,〇,〇,〇,〇,〇,〇,〇,〇,〇,〇,〇
32,3,3,〇,〇,迋,〇,況,〇,〇,〇,〇,〇,〇,〇,狂,〇,誑,〇,〇,〇,〇,妄,防,訪,放
32,3,4,〇,〇,〇,〇,〇,〇,〇,〇,〇,〇,〇,〇,〇,〇,〇,〇,〇,〇,〇,〇,〇,〇,〇
32,4,1,〇,硦,〇,穫,霍,雘,〇,〇,〇,〇,㘀,瓁,〇,廓,郭,〇,〇,〇,〇,〇,泊,𩔈,博
32,4,2,〇,〇,〇,〇,〇,〇,〇,〇,〇,〇,〇,〇,〇,〇,〇,〇,〇,〇,〇,〇,〇,〇,〇
32,4,3,〇,〇,籰,〇,䂄,嬳,〇,〇,〇,〇,〇,〇,戄,躩,玃,〇,〇,〇,〇,〇,縛,𩅿,〇
32,4,4,〇,〇,〇,〇,〇,〇,〇,〇,〇,〇,〇,〇,〇,〇,〇,〇,〇,〇,〇,〇,〇,〇,〇
33,1,1,〇,〇,〇,〇,〇,〇,〇,〇,〇,〇,〇,〇,〇,〇,〇,〇,〇,〇,〇,〇,〇,〇,〇
33,1,2,〇,〇,〇,行,脝,〇,〇,生,傖,鎗,〇,〇,〇,阬,庚,鬤,棖,瞠,趟,盲,彭,〇,閍
33,1,3,〇,〇,〇,〇,〇,霙,〇,〇,〇,〇,〇,迎,擎,卿,驚,〇,〇,〇,〇,明,平,磅,兵
33,1,4,〇,〇,〇,〇,〇,〇,〇,〇,〇,〇,〇,〇,〇,〇,〇,〇,〇,〇,〇,〇,〇,〇,〇
33,2,1,〇,〇,〇,〇,〇,〇,〇,〇,〇,〇,〇,〇,〇,〇,〇,〇,〇,〇,〇,〇,〇,〇,〇
33,2,2,〇,冷,〇,杏,〇,〇,〇,省,〇,〇,〇,〇,〇,〇,梗,檸,瑒,〇,盯打,猛,鮩,〇,浜
33,2,3,〇,〇,〇,〇,〇,影,〇,〇,〇,〇,〇,〇,〇,〇,警,〇,〇,〇,〇,皿,〇,〇,丙
33,2,4,〇,〇,〇,〇,〇,〇,〇,〇,〇,〇,〇,〇,〇,〇,〇,〇,〇,〇,〇,〇,〇,〇,〇
33,3,1,〇,〇,〇,〇,〇,〇,〇,〇,〇,〇,〇,〇,〇,〇,〇,〇,〇,〇,〇,〇,〇,〇,〇
33,3,2,〇,〇,〇,行,䛭,瀴,〇,生,〇,㵾,〇,〇,〇,〇,更,〇,鋥,牚,倀,孟,膨,〇,榜
33,3,3,〇,〇,〇,〇,〇,映,〇,〇,〇,〇,〇,迎,競,慶,敬,〇,〇,〇,〇,命,病,〇,柄
33,3,4,〇,〇,〇,〇,〇,〇,〇,〇,〇,〇,〇,〇,〇,〇,〇,〇,〇,〇,〇,〇,〇,〇,〇
33,4,1,〇,〇,〇,〇,〇,〇,〇,〇,〇,〇,〇,〇,〇,〇,〇,〇,〇,〇,〇,〇,〇,〇,〇
33,4,2,〇,〇,〇,垎,赫,啞,〇,𡩡,齚,柵,嘖,額,〇,客,格,〇,宅,𡍩,磔,陌,白,拍,伯
33,4,3,〇,〇,〇,〇,虩,〇,〇,〇,〇,〇,〇,逆,劇,隙,戟,〇,〇,〇,〇,〇,欂,〇,〇
33,4,4,〇,〇,〇,〇,〇,〇,〇,〇,〇,〇,〇,〇,〇,〇,〇,〇,〇,〇,〇,〇,〇,〇,〇
34,1,1,〇,〇,〇,〇,〇,〇,〇,〇,〇,〇,〇,〇,〇,〇,〇,〇,〇,〇,〇,〇,〇,〇,〇
34,1,2,〇,〇,〇,橫,諻,〇,〇,〇,〇,〇,〇,〇,〇,〇,觵,〇,〇,〇,〇,〇,〇,〇,〇
34,1,3,〇,〇,榮,〇,兄𧵣,縈,〇,〇,〇,〇,〇,〇,瓊,傾,〇,〇,〇,〇,〇,〇,〇,〇,〇
34,1,4,〇,〇,營,〇,〇,〇,〇,騂,〇,〇,〇,〇,〇,〇,〇,〇,〇,〇,〇,〇,〇,〇,〇
34,2,1,〇,〇,〇,〇,〇,〇,〇,〇,〇,〇,〇,〇,〇,〇,〇,〇,〇,〇,〇,〇,〇,〇,〇
34,2,2,〇,〇,〇,卝,〇,䁝,〇,〇,〇,〇,〇,〇,〇,𥉁,礦,〇,〇,〇,〇,〇,〇,〇,〇
34,2,3,〇,〇,永,〇,𦬺,〇,〇,〇,〇,〇,〇,〇,〇,頃,憬,〇,〇,〇,〇,〇,〇,〇,〇
34,2,4,〇,〇,潁,〇,〇,〇,〇,〇,〇,〇,〇,〇,〇,〇,〇,〇,〇,〇,〇,〇,〇,〇,〇
34,3,1,〇,〇,〇,〇,〇,〇,〇,〇,〇,〇,〇,〇,〇,〇,〇,〇,〇,〇,〇,〇,〇,〇,〇
34,3,2,〇,〇,〇,蝗,〇,𥥈,〇,〇,〇,〇,〇,〇,〇,〇,〇,〇,〇,〇,〇,〇,〇,〇,〇
34,3,3,〇,〇,詠,〇,敻,〇,〇,〇,〇,〇,〇,〇,〇,〇,〇,〇,〇,〇,〇,〇,〇,〇,〇
34,3,4,〇,〇,〇,〇,〇,〇,〇,〇,〇,〇,〇,〇,〇,〇,〇,〇,〇,〇,〇,〇,〇,〇,〇
34,4,1,〇,〇,〇,〇,〇,〇,〇,〇,〇,〇,〇,〇,〇,〇,〇,〇,〇,〇,〇,〇,〇,〇,〇
34,4,2,〇,〇,〇,嚄,謋,䪝,〇,〇,〇,〇,〇,〇,〇,𧍕,虢,蹃,〇,〇,〇,〇,〇,〇,〇
34,4,3,〇,〇,〇,〇,瞁,擭,〇,〇,〇,〇,𦳮,〇,〇,〇,〇,〇,〇,〇,〇,〇,〇,〇,碧
34,4,4,〇,〇,役,〇,〇,〇,〇,〇,〇,𥄎,〇,〇,〇,〇,〇,〇,〇,〇,〇,〇,〇,〇,〇
35,1,1,〇,〇,〇,〇,〇,〇,〇,〇,〇,〇,〇,〇,〇,〇,〇,〇,〇,〇,〇,〇,〇,〇,〇
35,1,2,〇,〇,〇,莖,〇,甖,〇,〇,崢,琤,爭,娙,〇,鏗,耕,儜,橙,〇,朾,甍,輣,怦,浜繃
35,1,3,〇,跉,〇,〇,〇,嬰,〇,聲,成,〇,征,〇,頸,輕,〇,〇,呈,檉,貞,名,〇,〇,并
35,1,4,〇,靈,盈,㓝,馨,〇,𩛿,星,情,清靑,精,〇,〇,〇,經,寧,庭,汀,丁,冥,瓶,竮,〇
35,2,1,〇,〇,〇,〇,〇,〇,〇,〇,〇,〇,〇,〇,〇,〇,〇,〇,〇,〇,〇,〇,〇,〇,〇
35,2,2,〇,〇,〇,幸,〇,〇,〇,〇,〇,〇,〇,〇,〇,〇,耿,〇,〇,〇,〇,䁅,𠊧,皏,〇
35,2,3,〇,領,〇,〇,〇,廮,〇,〇,〇,〇,整,〇,痙,〇,頸,〇,徎,逞,〇,眳,〇,〇,餅
35,2,4,〇,笭,郢,婞,〇,巊,〇,省醒,靜汫,請,井,䀴,〇,謦,剄,𩕳,挺,珽,頂,茗,竝,頩,鞞
35,3,1,〇,〇,〇,〇,〇,〇,〇,〇,〇,〇,〇,〇,〇,〇,〇,〇,〇,〇,〇,〇,〇,〇,〇
35,3,2,〇,〇,〇,〇,〇,䙬,〇,〇,〇,〇,諍,鞕,〇,〇,〇,〇,〇,〇,〇,〇,𠊧,〇,迸
35,3,3,〇,令,〇,〇,𣢝,〇,〇,聖,盛,〇,政,〇,〇,輕,勁,〇,鄭,遉,〇,詺,偋,聘,摒
35,3,4,〇,零,〇,脛,〇,鎣,〇,性腥,淨,倩靘,精,〇,〇,罄,徑,寗,定,聽,矴,䒌,〇,〇,〇
35,4,1,〇,〇,〇,〇,〇,〇,〇,〇,〇,〇,〇,〇,〇,〇,〇,〇,〇,〇,〇,〇,〇,〇,〇
35,4,2,〇,礐,〇,覈,〇,戹,〇,栜,賾,策,責,虉,〇,礊,隔,疒,〇,〇,摘,麥,䌟,𢶉,檗
35,4,3,〇,〇,〇,〇,〇,益,麝,釋,石,尺,隻,〇,〇,〇,〇,〇,擲,彳,𪐏,〇,擗,僻,辟
35,4,4,〇,靂,繹,檄,赥,〇,席,昔錫,籍寂,皵戚,積績,鷁,〇,燩,激,惄,荻,逖𣤩,的,覓,甓,霹,壁
36,1,1,〇,〇,〇,〇,〇,〇,〇,〇,〇,〇,〇,〇,〇,〇,〇,〇,〇,〇,〇,〇,〇,〇,〇
36,1,2,〇,〇,〇,宏,轟,泓,〇,〇,〇,〇,〇,〇,〇,〇,〇,〇,〇,〇,〇,〇,〇,〇,〇
36,1,3,〇,〇,〇,〇,〇,〇,〇,〇,〇,〇,〇,〇,〇,〇,〇,〇,〇,〇,〇,〇,〇,〇,〇
36,1,4,〇,〇,〇,熒,〇,〇,〇,〇,〇,〇,〇,〇,〇,〇,扃,〇,〇,〇,〇,〇,〇,〇,〇
36,2,1,〇,〇,〇,〇,〇,〇,〇,〇,〇,〇,〇,〇,〇,〇,〇,〇,〇,〇,〇,〇,〇,〇,〇
36,2,2,〇,〇,〇,〇,〇,〇,〇,〇,〇,〇,〇,〇,〇,〇,〇,〇,〇,〇,〇,〇,〇,〇,〇
36,2,3,〇,〇,〇,〇,〇,〇,〇,〇,〇,〇,〇,〇,〇,〇,〇,〇,〇,〇,〇,〇,〇,〇,〇
36,2,4,〇,〇,〇,迥,詗,濙,〇,〇,〇,〇,〇,〇,〇,褧,熲,〇,〇,〇,〇,〇,〇,〇,〇
36,3,1,〇,〇,〇,〇,〇,〇,〇,〇,〇,〇,〇,〇,〇,〇,〇,〇,〇,〇,〇,〇,〇,〇,〇
36,3,2,〇,〇,〇,〇,轟,〇,〇,〇,〇,〇,〇,〇,〇,〇,〇,〇,〇,〇,〇,〇,〇,〇,〇
36,3,3,〇,〇,〇,〇,〇,〇,〇,〇,〇,〇,〇,〇,〇,〇,〇,〇,〇,〇,〇,〇,〇,〇,〇
36,3,4,〇,〇,〇,〇,〇,〇,〇,〇,〇,〇,〇,〇,〇,〇,〇,〇,〇,〇,〇,〇,〇,〇,〇
36,4,1,〇,〇,〇,〇,〇,〇,〇,〇,〇,〇,〇,〇,〇,〇,〇,〇,〇,〇,〇,〇,〇,〇,〇
36,4,2,〇,〇,〇,獲,剨,〇,〇,𢷾,䞰,〇,㩇,〇,𧾛,〇,蟈,〇,〇,〇,〇,〇,〇,〇,〇
36,4,3,〇,〇,〇,〇,〇,〇,〇,〇,〇,〇,〇,〇,〇,〇,〇,〇,〇,〇,〇,〇,〇,〇,〇
36,4,4,〇,〇,〇,〇,𥍟,〇,〇,〇,〇,〇,〇,〇,〇,闃,郹,〇,〇,〇,〇,〇,〇,〇,〇
37,1,1,〇,樓,〇,侯,齁,謳,〇,涑,㔌,䜅,𣠏,齵,〇,彄,鉤,羺,頭,偷,兠,呣,裒,〇,〇
37,1,2,〇,〇,〇,〇,〇,〇,〇,𢯱犙,愁,搊,鄒,〇,〇,〇,〇,〇,〇,〇,〇,〇,〇,〇,〇
37,1,3,柔,劉鏐,尤,〇,休飍,憂幽,〇,收,讎,犫,周,牛聱,𧚍虯,恘丘,鳩樛,〇,儔,抽,輈丟,謀繆,浮淲,䬌,不彪
37,1,4,〇,〇,猷,〇,〇,〇,囚,脩,酋,秋,遒稵,〇,〇,〇,〇,〇,〇,〇,〇,〇,〇,〇,〇
37,2,1,〇,塿,〇,厚,吼,歐,〇,叜,鯫,趣,走,藕,〇,口,苟,㝅,䕆,𪌜,斗,母,部,剖,㨐
37,2,2,〇,〇,〇,〇,〇,〇,〇,𣸈,𥣙,𩋄,掫,〇,〇,〇,〇,狃,〇,〇,〇,〇,〇,〇,〇
37,2,3,蹂,柳,有,〇,朽,䬀黝,〇,首,受,醜,帚,〇,舅蟉,糗,久糾,〇,紂,丑,肘,〇,婦,㤱秠,缶
37,2,4,〇,〇,酉,〇,〇,〇,〇,滫,湫,〇,酒,〇,〇,〇,〇,〇,〇,〇,〇,〇,〇,〇,〇
37,3,1,〇,陋,〇,𠋫,蔻,漚,〇,瘶,㔌,輳,奏,偶,〇,𡨥,遘,搙,豆,透,鬥,茂,䏽,仆,〇
37,3,2,〇,〇,〇,〇,〇,〇,〇,𤸃,驟,簉,皺,〇,〇,〇,〇,糅,〇,〇,〇,〇,〇,〇,〇
37,3,3,輮,溜,宥,〇,齅,幼,〇,狩,授,臭,呪,𪖐,舊𧾻,𪖛䠗,救,〇,胄,畜,晝,莓謬,復,副,富
37,3,4,〇,〇,狖,〇,〇,〇,岫,秀,就,䞭,僦,〇,〇,〇,〇,〇,〇,〇,〇,〇,〇,〇,〇
37,4,1,〇,〇,〇,〇,〇,〇,〇,〇,〇,〇,〇,〇,〇,〇,〇,〇,〇,〇,〇,〇,〇,〇,〇
37,4,2,〇,〇,〇,〇,〇,〇,〇,〇,〇,〇,〇,〇,〇,〇,〇,〇,〇,〇,〇,〇,〇,〇,〇
37,4,3,〇,〇,〇,〇,〇,〇,〇,〇,〇,〇,〇,〇,〇,〇,〇,〇,〇,〇,〇,〇,〇,〇,〇
37,4,4,〇,〇,〇,〇,〇,〇,〇,〇,〇,〇,〇,〇,〇,〇,〇,〇,〇,〇,〇,〇,〇,〇,〇
38,1,1,〇,〇,〇,〇,〇,〇,〇,〇,〇,〇,〇,〇,〇,〇,〇,〇,〇,〇,〇,〇,〇,〇,〇
38,1,2,〇,〇,〇,〇,〇,〇,〇,森,岑,嵾,旡,〇,〇,〇,〇,䛘,〇,〇,〇,〇,〇,〇,〇
38,1,3,任,林,〇,〇,歆,音,〇,深,諶,𧡪,斟,吟,琴,欽,金,〇,沈,琛,碪,〇,〇,〇,〇
38,1,4,〇,〇,淫,〇,〇,愔,尋,心,𩷒,侵,祲,〇,〇,〇,〇,〇,〇,〇,〇,〇,〇,〇,〇
38,2,1,〇,〇,〇,〇,〇,〇,〇,〇,〇,〇,〇,〇,〇,〇,〇,〇,〇,〇,〇,〇,〇,〇,〇
38,2,2,〇,〇,〇,〇,〇,〇,〇,㾕,𩒣,墋,〇,〇,〇,〇,〇,拰,〇,〇,〇,〇,〇,〇,〇
38,2,3,荏,廩,〇,〇,廞,㱃,葚,沈,甚,瀋,枕,僸,噤,𩖄,錦,〇,朕,踸,戡,〇,〇,品,稟
38,2,4,〇,〇,潭,〇,〇,〇,〇,罧,蕈,寑,䤐,〇,〇,坅,〇,〇,〇,〇,〇,〇,〇,〇,〇
38,3,1,〇,〇,〇,〇,〇,〇,〇,〇,〇,〇,〇,〇,〇,〇,〇,〇,〇,〇,〇,〇,〇,〇,〇
38,3,2,〇,〇,〇,〇,〇,〇,〇,滲,〇,讖,譖,〇,〇,〇,〇,賃,〇,〇,〇,〇,〇,〇,〇
38,3,3,妊,臨,䫴,〇,〇,蔭,〇,深,甚,〇,枕,吟,𦧈,搇,禁,〇,鴆,闖,揕,〇,〇,〇,〇
38,3,4,〇,〇,〇,〇,〇,〇,〇,〇,〇,沁,浸,〇,〇,〇,〇,〇,〇,〇,〇,〇,〇,〇,〇
38,4,1,〇,〇,〇,〇,〇,〇,〇,〇,〇,〇,〇,〇,〇,〇,〇,〇,〇,〇,〇,〇,〇,〇,〇
38,4,2,〇,〇,〇,〇,〇,〇,〇,歰,霵,㞚,戢,〇,〇,〇,〇,孨,〇,〇,〇,〇,〇,〇,〇
38,4,3,入,立,煜,〇,吸,邑,〇,溼,十,斟,執,岌,及,泣,急,〇,蟄,湁,縶,〇,𩾳,〇,鵖
38,4,4,〇,〇,熠,〇,〇,揖,習,𩎕,集,緝,㗱,〇,〇,〇,〇,〇,〇,〇,〇,〇,〇,〇,〇
39,1,1,〇,婪,〇,含,㟏,諳,〇,毿,蠶,參,簪,䜙,〇,龕,弇,南,覃,探,耽,〇,〇,〇,〇
39,1,2,〇,〇,〇,咸,㰹,𤟟,〇,攕,讒,〇,〇,嵒,〇,鵮,緘,諵,〇,〇,詀,〇,〇,〇,〇
39,1,3,〇,〇,〇,〇,〇,〇,〇,〇,〇,〇,〇,〇,〇,〇,〇,〇,〇,〇,〇,〇,〇,〇,〇
39,1,4,〇,鬑,〇,嫌,馦,〇,〇,〇,〇,〇,〇,〇,〇,謙,兼,鮎,甜,添,𩬑,〇,〇,〇,〇
39,2,1,〇,壈,〇,頷,䫲,晻,〇,糂,歜,慘,昝,顉,〇,坎,感,腩,禫,襑,黕,〇,〇,〇,〇
39,2,2,〇,臉,〇,豏,闞喊,黯,〇,摻,瀺,䑎,斬,〇,〇,㦿,鹼,𦊔,湛,𠐩,〇,〇,〇,〇,〇
39,2,3,〇,〇,〇,〇,〇,〇,〇,〇,〇,〇,〇,〇,〇,〇,〇,〇,〇,〇,〇,〇,〇,〇,〇
39,2,4,〇,稴,〇,鼸,〇,〇,〇,〇,〇,憯,〇,〇,〇,嗛,孂,淰,簟,忝,點,𡕢,〇,〇,〇
39,3,1,〇,顲,〇,憾,䫲,暗,〇,俕,〇,謲,篸,儑,〇,勘,紺,妠,醰,僋,馾,〇,〇,〇,〇
39,3,2,〇,〇,〇,陷,〇,韽,〇,〇,儳,〇,蘸,顑,〇,歉,𪉦,諵,𧸖,〇,𪉜,〇,〇,〇,〇
39,3,3,〇,〇,〇,〇,〇,〇,〇,〇,〇,〇,〇,〇,〇,〇,〇,〇,〇,〇,〇,〇,〇,〇,〇
39,3,4,〇,稴,〇,〇,〇,酓,〇,䃸,䁮,〇,僭,〇,〇,傔,趝兼,念,磹,㮇,店,〇,〇,〇,〇
39,4,1,〇,拉,〇,合,欱,姶唈,〇,趿,雜遪,䟃,帀,㬎,〇,溘,閤,納,沓,錔,答,〇,〇,〇,〇
39,4,2,〇,〇,〇,洽,䶎,𨂁,〇,霎,𥯦,插,眨,䀴,〇,恰,夾,㘝,〇,𥃐,劄,〇,〇,〇,〇
39,4,3,〇,〇,〇,〇,〇,〇,〇,〇,〇,〇,〇,〇,〇,〇,〇,〇,〇,〇,〇,〇,〇,〇,〇
39,4,4,〇,㼲,〇,協,弽,〇,〇,燮䢡,䕹,〇,浹,〇,〇,愜,頰,苶,牒,怗,聑,〇,〇,〇,〇
40,1,1,〇,藍,〇,酣,蚶,〇,〇,三,慙𩈻,〇,〇,〇,〇,坩,甘,〇,談,舑,擔,姏,〇,〇,〇
40,1,2,〇,〇,〇,銜,〇,〇,〇,襳衫,巉,攙,〇,巖,〇,嵌,監,黏,〇,〇,〇,〇,𨂝,〇,〇
40,1,3,𩓾,廉,炎,〇,𩏩,淹醃,〇,苫,棎,䪜,詹,𪙊嚴,箝,𢜩㪁,〇,〇,㶣,覘,霑,〇,〇,〇,砭
40,1,4,〇,〇,鹽,〇,〇,懕,燅,銛,潛,籤,尖,〇,鍼,〇,〇,〇,〇,〇,〇,〇,〇,〇,〇
40,2,1,〇,覽,〇,〇,喊,埯,〇,㶒,槧,黲,䭕,〇,〇,𠪚,敢,〇,噉,𦵹,膽,㛧,〇,〇,〇
40,2,2,〇,〇,〇,檻,㺖,黤,〇,㨻,巉,醶,〇,〇,〇,䫡,〇,〇,〇,〇,〇,〇,〇,〇,〇
40,2,3,冉,斂,〇,〇,險,奄埯,〇,陝,剡,〇,颭,顩儼,儉,𩑳欦,檢,〇,〇,諂,〇,〇,〇,〇,貶
40,2,4,〇,〇,琰,〇,〇,黶,〇,〇,漸,憸,𩟗,〇,〇,脥,〇,〇,〇,〇,〇,〇,〇,〇,〇
40,3,1,〇,濫,〇,憨,𧵊,〇,〇,三,暫,〇,〇,〇,〇,闞,𪉦,〇,憺,賧,擔,〇,〇,〇,〇
40,3,2,〇,〇,〇,㽉,㒈,𪒠,〇,釤,鑱,懺,覱,〇,〇,〇,鑑,〇,〇,〇,〇,〇,埿,〇,〇
40,3,3,染,殮,〇,〇,脅,𢜰俺,〇,閃,贍,䠨,占,驗釅,〇,㪁欠,劔,〇,〇,覘,〇,〇,〇,〇,窆
40,3,4,〇,〇,豔,〇,〇,厭,〇,〇,潛,壍,𡄑,〇,〇,〇,〇,〇,〇,〇,〇,〇,〇,〇,〇
40,4,1,〇,臘,〇,盍,𣣹,鰪,〇,𠎷,䪞,囃,譫,儑,〇,榼,䫦砝,魶,蹋,榻,㿴,〇,〇,〇,〇
40,4,2,〇,〇,〇,狎,呷,鴨,〇,萐翣,〇,〇,〇,〇,〇,〇,甲,聶,𠗨,〇,〇,〇,〇,〇,〇
40,4,3,讘,獵,曄,〇,脅,𢽱腌,〇,攝,涉,謵,讋,業,衱跲,怯,𦀖劫,〇,䐑,锸,輒,〇,〇,〇,〇
40,4,4,〇,〇,葉殜,〇,〇,魘,〇,〇,捷,妾,接,〇,〇,𤷾,〇,〇,〇,〇,〇,〇,〇,〇,〇
41,1,1,〇,〇,〇,〇,〇,〇,〇,〇,〇,〇,〇,〇,〇,〇,〇,〇,〇,〇,〇,〇,〇,〇,〇
41,1,2,〇,〇,〇,〇,〇,〇,〇,〇,〇,〇,〇,〇,〇,〇,〇,〇,〇,〇,〇,〇,〇,〇,〇
41,1,3,〇,〇,〇,〇,〇,〇,〇,〇,〇,〇,〇,〇,〇,〇,〇,〇,〇,〇,〇,〇,凡,䒦,〇
41,1,4,〇,〇,〇,〇,〇,〇,〇,〇,〇,〇,〇,〇,〇,〇,〇,〇,〇,〇,〇,〇,〇,〇,〇
41,2,1,〇,〇,〇,〇,〇,〇,〇,〇,〇,〇,〇,〇,〇,〇,〇,〇,〇,〇,〇,〇,〇,〇,〇
41,2,2,〇,〇,〇,〇,〇,〇,〇,〇,〇,〇,〇,〇,〇,〇,〇,〇,〇,〇,〇,〇,〇,〇,〇
41,2,3,〇,〇,〇,〇,〇,〇,〇,〇,〇,〇,〇,〇,〇,凵,〇,〇,〇,𠑆,〇,錽,范,釩,𦜒
41,2,4,〇,〇,〇,〇,〇,〇,〇,〇,〇,〇,〇,〇,〇,〇,〇,〇,〇,〇,〇,〇,〇,〇,〇
41,3,1,〇,〇,〇,〇,〇,〇,〇,〇,〇,〇,〇,〇,〇,〇,〇,〇,〇,〇,〇,〇,〇,〇,〇
41,3,2,〇,〇,〇,〇,〇,〇,〇,〇,〇,〇,〇,〇,〇,〇,〇,〇,〇,〇,〇,〇,〇,〇,〇
41,3,3,〇,〇,〇,〇,〇,〇,〇,〇,〇,〇,〇,〇,〇,〇,〇,〇,〇,〇,〇,𦲯,梵,汎,〇
41,3,4,〇,〇,〇,〇,〇,〇,〇,〇,〇,〇,〇,〇,〇,〇,〇,〇,〇,〇,〇,〇,〇,〇,〇
41,4,1,〇,〇,〇,〇,〇,〇,〇,〇,〇,〇,〇,〇,〇,〇,〇,〇,〇,〇,〇,〇,〇,〇,〇
41,4,2,〇,〇,〇,〇,〇,〇,〇,〇,〇,〇,〇,〇,〇,〇,〇,䎎,〇,〇,〇,〇,〇,〇,〇
41,4,3,〇,〇,〇,〇,〇,〇,〇,〇,〇,〇,〇,〇,〇,猲,〇,〇,〇,𦑣,〇,〇,乏,𥎰,法
41,4,4,〇,〇,〇,〇,〇,〇,〇,〇,〇,〇,〇,〇,〇,〇,〇,〇,〇,〇,〇,〇,〇,〇,〇
42,1,1,〇,楞,〇,恒,〇,〇,〇,僧,層,〇,增,〇,〇,〇,搄,能,騰,鼟,登,瞢,朋,漰,崩
42,1,2,〇,〇,〇,〇,〇,〇,〇,㱡,磳,〇,〇,〇,〇,〇,〇,〇,〇,〇,〇,〇,〇,〇,〇
42,1,3,仍,陵,〇,〇,興,膺,繩,升,承,稱,蒸,凝,殑,硱,兢,〇,澂,僜,徵,〇,凭,砯,冫
42,1,4,〇,〇,蠅,〇,〇,〇,〇,〇,繒,〇,〇,〇,〇,〇,〇,〇,〇,〇,〇,〇,〇,〇,〇
42,2,1,〇,〇,〇,〇,〇,〇,〇,〇,〇,〇,〇,〇,〇,肯,〇,能,〇,〇,等,〇,〇,倗,〇
42,2,2,〇,〇,〇,〇,〇,〇,〇,㱡,〇,〇,〇,〇,〇,〇,〇,〇,〇,〇,〇,〇,〇,〇,〇
42,2,3,〇,〇,〇,〇,〇,〇,〇,〇,〇,〇,拯,〇,殑,〇,〇,〇,〇,庱,〇,〇,〇,〇,〇
42,2,4,〇,〇,〇,〇,〇,〇,〇,〇,〇,〇,〇,〇,〇,〇,〇,〇,〇,〇,〇,〇,〇,〇,〇
42,3,1,〇,踜,〇,〇,〇,〇,〇,𡬙,贈,蹭,增,〇,〇,〇,亘,〇,鄧,𤃶,嶝,𢅴,倗,〇,𥦜
42,3,2,〇,〇,〇,〇,〇,〇,〇,〇,〇,〇,〇,〇,〇,〇,〇,〇,〇,〇,〇,〇,〇,〇,〇
42,3,3,認,〇,〇,〇,興𩜁,應,乗,勝,丞,稱,證,凝,殑,〇,〇,〇,瞪,覴,〇,〇,凭,〇,〇
42,3,4,〇,〇,孕,〇,〇,〇,〇,〇,〇,〇,甑,〇,〇,〇,〇,〇,〇,〇,〇,〇,〇,〇,〇
42,4,1,〇,勒,〇,劾,黑,餩,〇,塞,賊,墄,則,〇,〇,刻,裓,䘅,特,忒,德,墨,菔,覆,北
42,4,2,〇,〇,〇,〇,〇,〇,〇,色,崱,測,稄,〇,〇,〇,〇,匿,〇,〇,〇,〇,〇,〇,〇
42,4,3,〇,力,〇,〇,赩,憶,食,識,寔,瀷,職,嶷,極,䩯,殛,〇,直,敕,陟𡮞,䁇,愎,堛,逼
42,4,4,〇,〇,弋,〇,〇,〇,〇,息,堲,〇,即,〇,〇,〇,〇,〇,〇,〇,〇,〇,〇,〇,〇
43,1,1,〇,〇,〇,弘,薨,〇,〇,〇,〇,〇,〇,〇,〇,〇,肱,〇,〇,〇,〇,〇,〇,〇,〇
43,1,2,〇,〇,〇,〇,〇,〇,〇,〇,〇,〇,〇,〇,〇,〇,〇,〇,〇,〇,〇,〇,〇,〇,〇
43,1,3,〇,〇,〇,〇,〇,〇,〇,〇,〇,〇,〇,〇,〇,〇,〇,〇,〇,〇,〇,〇,〇,〇,〇
43,1,4,〇,〇,〇,〇,〇,〇,〇,〇,〇,〇,〇,〇,〇,〇,〇,〇,〇,〇,〇,〇,〇,〇,〇
43,2,1,〇,〇,〇,〇,〇,〇,〇,〇,〇,〇,〇,〇,〇,〇,〇,〇,〇,〇,〇,〇,〇,〇,〇
43,2,2,〇,〇,〇,〇,〇,〇,〇,〇,〇,〇,〇,〇,〇,〇,〇,〇,〇,〇,〇,〇,〇,〇,〇
43,2,3,〇,〇,〇,〇,〇,〇,〇,〇,〇,〇,〇,〇,〇,〇,〇,〇,〇,〇,〇,〇,〇,〇,〇
43,2,4,〇,〇,〇,〇,〇,〇,〇,〇,〇,〇,〇,〇,〇,〇,〇,〇,〇,〇,〇,〇,〇,〇,〇
43,3,1,〇,〇,〇,〇,〇,〇,〇,〇,〇,〇,〇,〇,〇,〇,〇,〇,〇,〇,〇,〇,〇,〇,〇
43,3,2,〇,〇,〇,〇,〇,〇,〇,〇,〇,〇,〇,〇,〇,〇,〇,〇,〇,〇,〇,〇,〇,〇,〇
43,3,3,〇,〇,〇,〇,〇,〇,〇,〇,〇,〇,〇,〇,〇,〇,〇,〇,〇,〇,〇,〇,〇,〇,〇
43,3,4,〇,〇,〇,〇,〇,〇,〇,〇,〇,〇,〇,〇,〇,〇,〇,〇,〇,〇,〇,〇,〇,〇,〇
43,4,1,〇,〇,〇,或,𢃤,〇,〇,〇,〇,〇,〇,〇,〇,〇,國,〇,〇,〇,〇,〇,〇,〇,〇
43,4,2,〇,〇,〇,〇,〇,〇,〇,〇,〇,〇,〇,〇,〇,〇,〇,〇,〇,〇,〇,〇,〇,〇,〇
43,4,3,〇,〇,域,〇,洫,〇,〇,〇,〇,〇,〇,〇,〇,〇,〇,〇,〇,〇,〇,〇,〇,〇,〇
43,4,4,〇,〇,〇,〇,〇,〇,〇,〇,〇,〇,〇,〇,〇,〇,〇,〇,〇,〇,〇,〇,〇,〇,〇
